age,tenure_months,monthly_charges,contract_type,internet_service,payment_method,tech_support,support_tickets
53,28,80.6,Two year,DSL,Electronic check,No,0
38,6,99.0,One year,Fiber optic,Bank transfer,Yes,3
64,60,45.02,Month-to-month,No internet,Electronic check,Yes,1
31,20,47.78,Month-to-month,DSL,Credit card,Yes,1
40,19,107.18,One year,Fiber optic,Bank transfer,Yes,1
58,10,93.73,Month-to-month,Fiber optic,Bank transfer,Yes,0
29,15,100.58,Month-to-month,DSL,Mailed check,No,1
72,24,118.85,Month-to-month,Fiber optic,Credit card,Yes,0
46,13,22.5,Month-to-month,No internet,Credit card,No,3
60,57,40.59,Month-to-month,No internet,Electronic check,Yes,2
45,72,22.5,Month-to-month,No internet,Electronic check,No,2
41,20,62.87,Month-to-month,DSL,Bank transfer,Yes,0
45,21,55.88,Month-to-month,No internet,Credit card,Yes,2
59,27,67.57,Month-to-month,DSL,Electronic check,Yes,2
26,13,98.89,Month-to-month,Fiber optic,Bank transfer,Yes,2
36,16,31.44,Month-to-month,No internet,Electronic check,Yes,1
32,16,52.79,Month-to-month,DSL,Bank transfer,Yes,0
44,16,104.2,One year,Fiber optic,Electronic check,Yes,0
18,8,107.72,One year,Fiber optic,Electronic check,No,3
30,69,88.29,Month-to-month,DSL,Electronic check,No,1
55,28,22.5,Two year,No internet,Bank transfer,Yes,0
49,19,91.76,One year,DSL,Electronic check,No,2
39,29,79.45,One year,DSL,Bank transfer,No,1
41,72,87.97,One year,DSL,Electronic check,No,1
63,10,140.2,Month-to-month,Fiber optic,Bank transfer,Yes,2
56,42,66.22,Two year,DSL,Mailed check,No,0
21,28,131.39,One year,Fiber optic,Credit card,No,1
28,72,80.02,Month-to-month,DSL,Electronic check,No,2
35,7,121.28,Month-to-month,Fiber optic,Electronic check,Yes,2
54,32,103.13,One year,Fiber optic,Mailed check,No,2
48,30,86.83,Month-to-month,Fiber optic,Mailed check,No,3
63,23,125.78,One year,Fiber optic,Bank transfer,Yes,1
59,40,111.69,Month-to-month,Fiber optic,Electronic check,No,1
43,3,129.13,Month-to-month,Fiber optic,Electronic check,Yes,2
55,35,84.07,Month-to-month,DSL,Electronic check,No,2
18,24,127.04,Month-to-month,Fiber optic,Electronic check,No,2
47,48,107.23,One year,DSL,Credit card,No,1
49,33,108.62,Two year,Fiber optic,Credit card,No,2
23,4,57.47,Month-to-month,No internet,Credit card,Yes,0
18,10,30.31,Month-to-month,No internet,Credit card,No,1
24,17,129.28,Month-to-month,Fiber optic,Electronic check,Yes,1
21,52,63.33,Two year,DSL,Bank transfer,Yes,1
70,37,73.01,Two year,DSL,Electronic check,No,0
74,35,24.74,One year,No internet,Bank transfer,No,1
61,44,53.29,Two year,No internet,Electronic check,No,0
53,37,98.47,Month-to-month,Fiber optic,Electronic check,No,0
72,29,28.29,Two year,No internet,Credit card,No,0
68,50,85.22,Two year,DSL,Bank transfer,No,0
22,5,24.16,Month-to-month,No internet,Mailed check,No,1
32,55,99.79,Month-to-month,Fiber optic,Bank transfer,Yes,2
31,56,83.94,Month-to-month,DSL,Electronic check,Yes,3
69,42,80.64,Month-to-month,DSL,Electronic check,Yes,1
54,59,26.04,Two year,No internet,Mailed check,Yes,3
51,23,113.66,Month-to-month,Fiber optic,Mailed check,Yes,1
23,17,72.01,One year,DSL,Credit card,Yes,1
20,6,66.25,Month-to-month,DSL,Bank transfer,Yes,1
49,13,43.27,Month-to-month,No internet,Electronic check,Yes,5
54,35,64.44,Month-to-month,DSL,Electronic check,No,1
72,59,76.65,Month-to-month,Fiber optic,Electronic check,Yes,1
47,31,68.2,Two year,DSL,Credit card,No,3
49,22,32.04,Month-to-month,No internet,Credit card,Yes,1
38,5,80.3,One year,DSL,Mailed check,Yes,1
43,33,86.13,One year,Fiber optic,Bank transfer,No,0
27,32,64.54,Month-to-month,Fiber optic,Bank transfer,Yes,2
21,19,75.0,Month-to-month,Fiber optic,Electronic check,Yes,0
40,57,106.78,Month-to-month,Fiber optic,Bank transfer,Yes,3
66,67,118.49,Month-to-month,Fiber optic,Credit card,Yes,1
32,32,75.61,Month-to-month,Fiber optic,Mailed check,No,0
65,15,89.52,Month-to-month,DSL,Electronic check,Yes,3
59,11,102.78,Month-to-month,Fiber optic,Mailed check,No,1
46,22,72.53,One year,DSL,Electronic check,No,2
30,27,49.98,Month-to-month,DSL,Electronic check,Yes,1
67,21,44.06,Month-to-month,No internet,Credit card,No,2
57,32,89.49,Two year,Fiber optic,Electronic check,No,1
54,7,77.27,Month-to-month,DSL,Electronic check,Yes,1
53,59,119.74,Month-to-month,Fiber optic,Bank transfer,No,4
26,7,34.84,Month-to-month,No internet,Mailed check,Yes,2
22,59,40.32,Two year,No internet,Bank transfer,No,1
29,19,131.05,One year,Fiber optic,Credit card,No,1
30,29,52.88,Month-to-month,DSL,Mailed check,No,1
75,7,22.5,One year,No internet,Credit card,No,3
41,16,46.55,Month-to-month,No internet,Electronic check,No,0
70,36,44.34,Month-to-month,DSL,Bank transfer,Yes,0
20,9,74.12,One year,DSL,Mailed check,No,1
49,13,90.18,Month-to-month,Fiber optic,Credit card,Yes,1
51,28,100.79,Two year,Fiber optic,Credit card,No,1
65,56,85.04,Month-to-month,DSL,Mailed check,No,2
48,12,29.29,Month-to-month,No internet,Electronic check,Yes,1
67,12,86.61,One year,DSL,Credit card,No,1
60,10,113.98,One year,Fiber optic,Credit card,No,1
20,27,42.4,Month-to-month,No internet,Electronic check,Yes,1
48,35,73.48,Month-to-month,DSL,Mailed check,No,2
23,27,74.21,Month-to-month,DSL,Credit card,No,0
55,35,84.31,Month-to-month,DSL,Electronic check,Yes,1
21,72,22.5,One year,No internet,Credit card,Yes,1
41,18,59.61,Month-to-month,DSL,Electronic check,No,0
33,21,100.92,One year,Fiber optic,Electronic check,No,1
43,72,125.77,Month-to-month,Fiber optic,Bank transfer,No,1
52,41,81.1,Month-to-month,DSL,Credit card,No,1
49,11,83.7,Month-to-month,DSL,Bank transfer,Yes,2
22,72,86.06,Two year,Fiber optic,Mailed check,Yes,0
27,54,40.03,Month-to-month,No internet,Electronic check,No,2
20,22,80.6,Month-to-month,DSL,Credit card,No,3
55,11,99.57,Month-to-month,DSL,Electronic check,Yes,0
67,13,60.38,One year,DSL,Bank transfer,Yes,0
72,33,34.77,Month-to-month,No internet,Electronic check,Yes,1
53,40,22.5,One year,No internet,Bank transfer,No,2
66,23,109.26,Month-to-month,Fiber optic,Electronic check,Yes,1
48,28,102.26,Two year,Fiber optic,Electronic check,Yes,0
47,27,94.14,Month-to-month,DSL,Credit card,No,1
48,14,93.55,Month-to-month,Fiber optic,Mailed check,No,1
35,14,106.47,Month-to-month,Fiber optic,Bank transfer,Yes,0
47,26,112.82,One year,Fiber optic,Electronic check,Yes,2
18,47,62.88,Month-to-month,DSL,Mailed check,No,0
73,15,22.5,One year,No internet,Credit card,No,0
39,42,79.7,Month-to-month,DSL,Credit card,No,1
54,8,88.06,One year,Fiber optic,Bank transfer,Yes,2
71,49,45.49,Month-to-month,DSL,Bank transfer,No,2
20,11,85.42,Month-to-month,DSL,Bank transfer,Yes,0
53,40,109.89,One year,Fiber optic,Electronic check,No,5
43,17,65.7,Month-to-month,DSL,Electronic check,No,1
63,11,64.81,Month-to-month,DSL,Electronic check,Yes,2
39,17,108.31,Month-to-month,Fiber optic,Mailed check,No,0
26,15,81.65,Month-to-month,Fiber optic,Mailed check,Yes,0
33,72,67.97,Two year,DSL,Credit card,No,1
53,35,114.14,Month-to-month,Fiber optic,Electronic check,No,0
59,11,106.7,One year,Fiber optic,Electronic check,No,0
52,23,119.99,Month-to-month,Fiber optic,Electronic check,No,0
19,22,101.47,Month-to-month,Fiber optic,Credit card,Yes,1
70,11,24.74,One year,No internet,Electronic check,Yes,3
43,18,77.69,Month-to-month,DSL,Electronic check,Yes,2
33,33,23.27,Month-to-month,No internet,Bank transfer,No,1
73,21,90.31,One year,Fiber optic,Credit card,No,1
19,25,101.54,Month-to-month,DSL,Electronic check,No,1
35,24,131.87,Month-to-month,Fiber optic,Bank transfer,Yes,6
22,38,125.4,Month-to-month,Fiber optic,Mailed check,Yes,0
47,44,54.62,Month-to-month,No internet,Electronic check,No,4
41,16,87.28,One year,Fiber optic,Mailed check,Yes,3
59,20,98.11,One year,Fiber optic,Electronic check,Yes,2
36,32,70.36,One year,DSL,Credit card,Yes,2
37,15,65.3,One year,DSL,Mailed check,Yes,3
52,15,96.35,One year,Fiber optic,Credit card,No,0
50,9,92.4,Month-to-month,DSL,Mailed check,No,3
48,62,40.93,One year,No internet,Electronic check,Yes,0
70,52,82.87,Month-to-month,DSL,Bank transfer,Yes,1
23,37,99.45,Month-to-month,Fiber optic,Bank transfer,Yes,2
75,63,47.58,One year,DSL,Credit card,No,3
54,14,49.13,Month-to-month,DSL,Mailed check,No,0
24,5,79.62,One year,DSL,Mailed check,Yes,0
60,24,70.71,Month-to-month,DSL,Credit card,Yes,2
32,24,22.5,Two year,No internet,Electronic check,Yes,3
24,17,91.71,Month-to-month,DSL,Mailed check,No,3
69,9,116.51,Month-to-month,Fiber optic,Bank transfer,No,0
55,10,65.62,One year,DSL,Electronic check,No,0
61,20,89.98,Month-to-month,DSL,Electronic check,No,0
73,7,107.42,Month-to-month,Fiber optic,Mailed check,Yes,1
51,7,88.32,One year,Fiber optic,Electronic check,No,3
27,19,82.2,Month-to-month,DSL,Bank transfer,No,1
52,22,72.95,Two year,DSL,Bank transfer,No,0
61,29,87.03,Month-to-month,DSL,Electronic check,No,1
60,18,117.91,Month-to-month,Fiber optic,Bank transfer,No,1
50,24,83.03,Month-to-month,DSL,Credit card,No,1
36,10,97.43,Month-to-month,Fiber optic,Electronic check,No,1
47,72,22.5,Two year,No internet,Credit card,Yes,2
59,54,51.53,Month-to-month,DSL,Credit card,No,2
36,72,46.22,One year,No internet,Mailed check,No,1
67,43,50.99,Month-to-month,DSL,Bank transfer,No,1
37,8,96.79,One year,DSL,Electronic check,Yes,1
47,57,66.39,Two year,DSL,Electronic check,No,0
55,14,80.06,Month-to-month,DSL,Bank transfer,Yes,1
43,36,72.63,Month-to-month,DSL,Electronic check,Yes,4
20,10,117.08,Month-to-month,Fiber optic,Electronic check,No,2
20,21,22.5,Month-to-month,No internet,Credit card,No,2
50,24,119.49,One year,Fiber optic,Electronic check,No,0
62,9,104.04,Month-to-month,Fiber optic,Bank transfer,Yes,1
47,47,75.3,Two year,DSL,Bank transfer,No,1
41,15,67.0,Month-to-month,DSL,Electronic check,No,0
28,29,63.2,Month-to-month,DSL,Electronic check,Yes,2
56,22,141.48,Month-to-month,Fiber optic,Bank transfer,No,0
46,22,,Month-to-month,Fiber optic,Credit card,No,0
64,61,97.13,One year,Fiber optic,Bank transfer,Yes,1
52,31,106.9,Two year,Fiber optic,Bank transfer,No,1
38,42,99.12,Month-to-month,DSL,Credit card,No,2
59,33,96.38,One year,Fiber optic,Bank transfer,Yes,0
30,72,50.55,Two year,No internet,Mailed check,No,1
20,18,41.6,Month-to-month,No internet,Mailed check,No,2
70,29,99.91,Two year,DSL,Electronic check,No,1
38,21,121.02,One year,Fiber optic,Electronic check,Yes,0
41,72,93.35,Two year,Fiber optic,Credit card,No,1
65,36,96.03,One year,Fiber optic,Electronic check,No,2
48,36,59.71,Two year,DSL,Mailed check,Yes,1
42,49,55.92,Month-to-month,DSL,Electronic check,No,3
24,40,86.26,Month-to-month,DSL,Mailed check,No,0
70,72,98.89,Two year,Fiber optic,Credit card,No,3
60,54,128.01,One year,Fiber optic,Electronic check,No,2
64,19,24.63,Month-to-month,No internet,Mailed check,Yes,1
30,27,93.86,One year,Fiber optic,Bank transfer,Yes,1
42,17,83.68,Month-to-month,DSL,Electronic check,Yes,1
30,34,54.53,Month-to-month,DSL,Mailed check,No,1
73,33,126.35,One year,Fiber optic,Credit card,No,2
62,16,75.15,One year,DSL,Electronic check,No,3
65,45,62.78,Month-to-month,DSL,Bank transfer,Yes,1
68,32,22.5,Two year,No internet,Electronic check,Yes,1
69,25,22.5,One year,No internet,Bank transfer,No,1
25,46,25.92,Month-to-month,No internet,Mailed check,Yes,2
34,24,96.54,Month-to-month,Fiber optic,Bank transfer,Yes,1
64,23,42.35,Month-to-month,DSL,Bank transfer,No,2
53,40,131.59,Two year,Fiber optic,Mailed check,No,3
33,59,102.59,One year,Fiber optic,Bank transfer,Yes,1
42,4,86.62,Month-to-month,DSL,Electronic check,No,1
48,24,65.9,Two year,DSL,Bank transfer,Yes,0
69,43,107.8,Month-to-month,DSL,Electronic check,No,0
44,22,114.91,One year,Fiber optic,Electronic check,Yes,3
27,57,60.2,Month-to-month,DSL,Bank transfer,Yes,0
46,40,86.74,Month-to-month,DSL,Electronic check,Yes,2
74,37,80.55,One year,DSL,Electronic check,No,2
21,29,69.02,Month-to-month,DSL,Bank transfer,No,0
42,7,63.66,Month-to-month,DSL,Mailed check,No,1
56,24,57.91,Month-to-month,DSL,Bank transfer,Yes,1
47,27,84.06,Two year,DSL,Bank transfer,No,2
49,3,79.94,Month-to-month,Fiber optic,Electronic check,Yes,3
65,58,37.3,Month-to-month,No internet,Bank transfer,No,0
42,34,82.53,Two year,Fiber optic,Mailed check,No,0
26,46,22.5,Two year,No internet,Electronic check,Yes,1
72,7,68.04,Month-to-month,DSL,Electronic check,Yes,1
53,6,99.65,Month-to-month,Fiber optic,Credit card,No,1
60,45,23.13,One year,No internet,Credit card,No,3
34,61,32.74,Two year,No internet,Mailed check,No,1
74,12,85.42,Month-to-month,Fiber optic,Bank transfer,No,0
20,59,97.97,Two year,Fiber optic,Bank transfer,No,1
22,30,128.58,Month-to-month,Fiber optic,Electronic check,No,1
65,11,122.25,One year,Fiber optic,Electronic check,Yes,2
37,15,81.41,Month-to-month,DSL,Electronic check,Yes,3
46,37,48.57,One year,No internet,Electronic check,No,4
69,18,34.53,One year,No internet,Electronic check,No,3
75,3,49.54,Month-to-month,DSL,Credit card,Yes,1
70,5,54.15,Month-to-month,DSL,Electronic check,No,2
25,28,74.94,Month-to-month,DSL,Electronic check,Yes,0
63,3,115.68,Month-to-month,Fiber optic,Credit card,No,1
58,14,94.15,One year,Fiber optic,Electronic check,No,1
31,6,106.67,Month-to-month,Fiber optic,Credit card,Yes,0
40,26,106.43,Month-to-month,Fiber optic,Mailed check,No,0
31,15,32.6,Month-to-month,No internet,Bank transfer,Yes,1
47,56,34.33,One year,No internet,Credit card,No,1
40,1,51.8,Month-to-month,No internet,Bank transfer,Yes,1
37,50,50.5,Month-to-month,No internet,Credit card,No,1
66,32,65.47,Two year,DSL,Electronic check,Yes,0
72,38,60.89,One year,DSL,Credit card,No,4
69,39,100.96,Month-to-month,Fiber optic,Electronic check,Yes,2
25,18,90.15,Month-to-month,Fiber optic,Bank transfer,Yes,0
75,39,47.02,Two year,DSL,Bank transfer,No,1
21,30,126.53,Month-to-month,Fiber optic,Electronic check,No,0
33,46,94.79,Month-to-month,DSL,Credit card,Yes,1
22,15,113.69,Month-to-month,Fiber optic,Bank transfer,No,3
48,25,102.93,Two year,Fiber optic,Bank transfer,No,0
61,3,104.19,Month-to-month,DSL,Bank transfer,Yes,2
55,22,110.53,Month-to-month,Fiber optic,Credit card,Yes,2
59,6,51.39,Month-to-month,DSL,Credit card,No,2
49,18,68.57,Month-to-month,DSL,Credit card,No,2
39,41,116.89,Two year,Fiber optic,Credit card,No,3
68,3,68.68,One year,Fiber optic,Electronic check,No,2
58,72,89.25,Two year,DSL,Electronic check,No,2
41,60,53.83,Month-to-month,DSL,Bank transfer,No,0
29,53,81.8,Two year,DSL,Electronic check,No,0
43,6,71.3,Month-to-month,DSL,Mailed check,No,0
46,35,102.8,Month-to-month,Fiber optic,Credit card,No,1
66,29,113.06,Month-to-month,Fiber optic,Electronic check,No,0
58,19,113.49,One year,Fiber optic,Electronic check,No,0
23,8,111.03,Month-to-month,Fiber optic,Bank transfer,No,3
50,32,100.52,Two year,Fiber optic,Credit card,Yes,1
66,5,90.34,Month-to-month,Fiber optic,Electronic check,No,1
56,20,111.91,Month-to-month,Fiber optic,Mailed check,No,1
75,12,69.08,One year,DSL,Bank transfer,Yes,4
52,14,22.5,Month-to-month,No internet,Electronic check,Yes,0
69,9,126.06,One year,Fiber optic,Bank transfer,No,0
26,9,77.12,One year,DSL,Credit card,No,1
51,14,79.31,Month-to-month,DSL,Mailed check,Yes,3
47,36,29.48,Two year,No internet,Electronic check,Yes,1
61,25,24.01,One year,No internet,Bank transfer,Yes,5
58,50,59.05,One year,DSL,Credit card,No,0
23,40,77.51,Two year,DSL,Electronic check,No,0
46,15,120.41,Month-to-month,Fiber optic,Electronic check,Yes,2
20,60,76.65,One year,DSL,Bank transfer,Yes,0
36,33,78.22,Two year,DSL,Credit card,No,1
41,12,99.37,Month-to-month,Fiber optic,Bank transfer,No,4
64,10,106.83,Month-to-month,Fiber optic,Bank transfer,Yes,1
58,12,31.02,Month-to-month,No internet,Mailed check,No,0
32,8,66.26,Month-to-month,DSL,Bank transfer,Yes,0
44,25,110.07,Two year,DSL,Mailed check,No,0
58,28,115.49,One year,Fiber optic,Electronic check,No,1
32,25,102.84,Two year,Fiber optic,Electronic check,Yes,1
73,19,65.83,One year,DSL,Mailed check,Yes,0
40,24,102.42,Month-to-month,Fiber optic,Electronic check,No,1
29,9,92.27,Month-to-month,Fiber optic,Electronic check,No,0
44,67,97.18,One year,Fiber optic,Mailed check,No,5
63,51,84.46,Month-to-month,DSL,Mailed check,No,0
63,25,92.92,Month-to-month,Fiber optic,Credit card,Yes,4
27,27,117.71,Two year,Fiber optic,Electronic check,No,1
56,38,55.61,Month-to-month,DSL,Electronic check,No,3
41,19,87.15,Month-to-month,Fiber optic,Electronic check,Yes,2
26,21,50.01,Month-to-month,No internet,Electronic check,No,2
33,72,51.07,Two year,No internet,Credit card,No,1
69,31,94.04,Month-to-month,DSL,Credit card,No,0
46,26,115.51,Month-to-month,Fiber optic,Bank transfer,No,0
18,62,105.2,Two year,Fiber optic,Mailed check,Yes,1
70,36,75.89,Two year,DSL,Credit card,No,4
66,54,104.82,Two year,DSL,Bank transfer,No,2
65,12,36.85,Month-to-month,No internet,Bank transfer,No,2
28,48,91.56,Two year,DSL,Mailed check,No,2
58,17,24.94,One year,No internet,Bank transfer,No,1
37,15,,Month-to-month,Fiber optic,Electronic check,No,1
41,38,60.0,Two year,DSL,Electronic check,No,0
26,21,,Month-to-month,Fiber optic,Electronic check,Yes,3
74,48,61.54,Two year,No internet,Electronic check,No,1
35,30,89.03,Month-to-month,DSL,Electronic check,Yes,1
27,24,43.11,One year,No internet,Electronic check,Yes,1
21,20,94.52,Two year,DSL,Credit card,Yes,0
27,25,69.0,Month-to-month,DSL,Bank transfer,No,3
59,26,92.48,One year,Fiber optic,Credit card,Yes,1
38,27,22.5,Two year,No internet,Credit card,No,0
33,8,101.08,One year,Fiber optic,Bank transfer,Yes,1
46,63,87.24,Two year,Fiber optic,Mailed check,No,2
62,26,22.5,Month-to-month,No internet,Electronic check,Yes,3
37,9,97.78,One year,Fiber optic,Electronic check,No,0
48,3,98.84,Month-to-month,DSL,Bank transfer,Yes,0
48,11,93.53,Month-to-month,DSL,Bank transfer,No,1
34,50,81.64,Two year,Fiber optic,Credit card,Yes,1
33,14,74.49,Month-to-month,DSL,Credit card,No,0
62,49,82.64,Month-to-month,DSL,Mailed check,Yes,2
70,15,97.68,One year,Fiber optic,Electronic check,No,3
75,18,79.29,Month-to-month,DSL,Bank transfer,Yes,2
70,22,79.15,Month-to-month,DSL,Electronic check,No,0
32,27,80.59,Two year,DSL,Electronic check,Yes,1
57,25,119.07,One year,Fiber optic,Bank transfer,No,0
50,17,25.23,One year,No internet,Credit card,Yes,0
36,22,121.67,Month-to-month,Fiber optic,Credit card,No,1
53,51,92.31,Month-to-month,Fiber optic,Electronic check,No,0
66,18,85.41,Month-to-month,DSL,Mailed check,No,2
64,6,112.6,One year,Fiber optic,Credit card,No,0
40,16,84.4,Month-to-month,Fiber optic,Credit card,No,2
25,28,124.25,Two year,Fiber optic,Mailed check,Yes,2
40,36,73.24,Month-to-month,Fiber optic,Electronic check,No,1
63,42,83.41,Month-to-month,DSL,Electronic check,No,3
44,16,90.45,One year,DSL,Electronic check,No,1
42,15,89.6,One year,Fiber optic,Electronic check,Yes,1
62,7,44.17,One year,DSL,Mailed check,No,0
66,21,55.41,One year,DSL,Credit card,No,1
46,18,107.69,One year,DSL,Bank transfer,No,4
27,48,103.49,Two year,Fiber optic,Electronic check,No,2
62,56,84.16,Month-to-month,DSL,Credit card,Yes,1
54,13,112.28,Month-to-month,Fiber optic,Mailed check,No,0
38,47,32.42,One year,No internet,Bank transfer,No,0
36,12,80.27,Month-to-month,DSL,Mailed check,No,1
18,67,111.79,Month-to-month,Fiber optic,Mailed check,No,0
18,10,82.41,Month-to-month,DSL,Electronic check,Yes,1
48,44,100.37,One year,Fiber optic,Electronic check,No,2
60,48,106.93,Two year,Fiber optic,Credit card,No,0
44,31,117.24,Month-to-month,Fiber optic,Bank transfer,No,2
21,27,65.8,Two year,DSL,Electronic check,Yes,0
20,17,22.5,One year,No internet,Bank transfer,Yes,1
51,35,78.32,One year,DSL,Credit card,Yes,0
50,56,78.32,Month-to-month,Fiber optic,Mailed check,No,0
64,9,117.34,Month-to-month,Fiber optic,Electronic check,No,2
25,51,69.57,Month-to-month,DSL,Electronic check,No,0
49,72,104.32,Month-to-month,Fiber optic,Bank transfer,No,2
34,60,,Two year,No internet,Credit card,Yes,1
58,34,99.38,Two year,Fiber optic,Bank transfer,Yes,3
72,51,22.5,Two year,No internet,Electronic check,Yes,1
71,21,82.86,Two year,DSL,Credit card,Yes,0
42,13,53.12,One year,No internet,Mailed check,No,4
43,47,99.49,Month-to-month,DSL,Credit card,Yes,1
22,72,76.51,Two year,DSL,Credit card,Yes,2
19,68,22.5,Two year,No internet,Mailed check,No,2
51,13,114.72,One year,Fiber optic,Electronic check,Yes,0
55,16,48.15,Month-to-month,DSL,Electronic check,No,0
63,43,95.92,Two year,DSL,Electronic check,No,1
71,59,55.16,Two year,DSL,Electronic check,No,2
71,15,95.86,Month-to-month,Fiber optic,Electronic check,Yes,3
47,59,122.56,Two year,Fiber optic,Bank transfer,Yes,3
42,11,96.39,Month-to-month,Fiber optic,Credit card,Yes,2
26,32,117.53,Month-to-month,Fiber optic,Electronic check,No,3
73,33,107.26,Month-to-month,Fiber optic,Electronic check,Yes,2
42,72,51.27,Month-to-month,DSL,Electronic check,No,0
58,72,64.36,Two year,DSL,Electronic check,Yes,0
26,15,55.29,Month-to-month,DSL,Electronic check,No,1
32,64,113.43,One year,Fiber optic,Electronic check,No,1
25,10,64.03,Month-to-month,No internet,Electronic check,No,2
54,7,94.28,Month-to-month,DSL,Electronic check,Yes,1
35,36,36.09,Two year,No internet,Mailed check,No,1
68,49,113.26,Month-to-month,Fiber optic,Electronic check,Yes,1
73,5,71.31,One year,DSL,Electronic check,No,1
65,10,109.24,Month-to-month,Fiber optic,Bank transfer,Yes,3
21,35,96.77,One year,Fiber optic,Bank transfer,No,2
53,15,72.58,Month-to-month,DSL,Bank transfer,No,1
35,18,72.72,Month-to-month,DSL,Bank transfer,No,1
47,15,105.46,One year,Fiber optic,Credit card,Yes,2
45,16,127.11,Month-to-month,Fiber optic,Electronic check,Yes,1
43,25,103.18,Month-to-month,Fiber optic,Credit card,Yes,1
27,37,122.11,Two year,Fiber optic,Credit card,Yes,0
18,72,32.32,Month-to-month,No internet,Bank transfer,No,1
50,19,104.98,Two year,Fiber optic,Mailed check,No,0
51,57,107.59,Month-to-month,Fiber optic,Credit card,Yes,0
28,4,128.48,Month-to-month,Fiber optic,Electronic check,Yes,1
74,13,115.2,Month-to-month,Fiber optic,Bank transfer,No,2
61,23,74.44,One year,DSL,Electronic check,Yes,0
20,36,114.79,Month-to-month,Fiber optic,Electronic check,No,3
18,26,42.13,Month-to-month,No internet,Bank transfer,No,0
44,7,22.5,One year,No internet,Mailed check,Yes,1
69,53,93.31,Month-to-month,Fiber optic,Mailed check,No,3
46,29,72.71,Month-to-month,DSL,Mailed check,No,3
48,3,66.73,One year,DSL,Credit card,No,1
55,46,56.69,Month-to-month,DSL,Electronic check,No,1
54,4,74.07,Month-to-month,DSL,Electronic check,Yes,3
23,22,54.17,One year,DSL,Bank transfer,No,2
24,25,38.1,Month-to-month,No internet,Electronic check,No,0
44,3,88.2,Month-to-month,DSL,Bank transfer,Yes,0
72,33,22.5,Month-to-month,No internet,Bank transfer,No,0
52,9,96.53,Month-to-month,DSL,Electronic check,No,5
71,38,47.79,Month-to-month,No internet,Electronic check,No,0
74,28,109.61,Month-to-month,Fiber optic,Electronic check,Yes,2
40,72,74.02,Two year,DSL,Credit card,No,1
67,25,126.48,Two year,Fiber optic,Bank transfer,Yes,1
61,46,102.65,Two year,DSL,Bank transfer,Yes,1
27,17,136.29,Month-to-month,Fiber optic,Electronic check,No,0
50,46,118.46,Month-to-month,Fiber optic,Mailed check,No,1
64,72,,Month-to-month,Fiber optic,Bank transfer,No,1
34,23,82.88,One year,Fiber optic,Credit card,No,1
61,9,85.71,Month-to-month,DSL,Credit card,No,0
43,37,107.1,Two year,Fiber optic,Credit card,No,1
75,38,62.77,Month-to-month,DSL,Credit card,No,1
47,68,126.78,One year,Fiber optic,Electronic check,Yes,1
22,49,91.55,Month-to-month,Fiber optic,Mailed check,No,0
21,32,127.55,Month-to-month,Fiber optic,Electronic check,No,0
71,28,22.5,Month-to-month,No internet,Credit card,Yes,2
44,27,96.22,One year,Fiber optic,Mailed check,Yes,0
47,72,94.92,Month-to-month,Fiber optic,Bank transfer,No,2
37,51,111.0,Two year,Fiber optic,Bank transfer,Yes,2
32,12,52.04,Month-to-month,No internet,Credit card,No,1
57,26,76.88,One year,DSL,Electronic check,Yes,3
42,31,73.22,Month-to-month,DSL,Electronic check,No,2
55,2,79.54,Month-to-month,DSL,Electronic check,No,0
34,9,77.46,Month-to-month,DSL,Credit card,No,2
35,29,49.75,One year,No internet,Credit card,No,1
53,56,109.32,One year,Fiber optic,Electronic check,No,0
59,24,97.99,Month-to-month,Fiber optic,Credit card,Yes,2
23,24,57.07,Two year,DSL,Credit card,Yes,0
23,19,102.27,Month-to-month,Fiber optic,Electronic check,Yes,1
46,20,119.97,Month-to-month,Fiber optic,Electronic check,Yes,0
46,25,127.6,Two year,Fiber optic,Mailed check,No,1
63,13,97.84,Month-to-month,Fiber optic,Bank transfer,Yes,2
20,58,81.69,Two year,DSL,Electronic check,No,0
28,18,132.52,Month-to-month,Fiber optic,Credit card,No,0
45,37,85.12,One year,DSL,Credit card,No,1
21,14,42.43,One year,DSL,Bank transfer,No,0
46,27,94.29,One year,Fiber optic,Bank transfer,No,2
29,47,90.42,Month-to-month,Fiber optic,Mailed check,No,1
57,40,71.52,Month-to-month,DSL,Electronic check,No,3
53,14,111.37,Month-to-month,Fiber optic,Credit card,No,4
23,49,72.29,Month-to-month,DSL,Electronic check,No,0
59,27,69.21,Month-to-month,DSL,Credit card,No,2
75,15,92.54,One year,DSL,Electronic check,No,4
23,7,83.03,One year,DSL,Electronic check,Yes,0
57,49,56.97,Month-to-month,DSL,Mailed check,No,3
42,8,22.5,Month-to-month,No internet,Credit card,No,2
63,67,22.5,Two year,No internet,Mailed check,Yes,1
74,16,104.88,Month-to-month,DSL,Bank transfer,No,1
42,22,138.43,Month-to-month,Fiber optic,Credit card,No,2
67,17,84.07,Month-to-month,DSL,Bank transfer,No,1
49,43,99.8,Month-to-month,Fiber optic,Electronic check,Yes,3
62,32,101.16,Month-to-month,Fiber optic,Electronic check,No,1
33,4,122.4,Month-to-month,Fiber optic,Credit card,No,1
51,43,123.75,One year,Fiber optic,Electronic check,No,3
55,14,67.73,Month-to-month,Fiber optic,Bank transfer,No,0
41,8,100.31,Month-to-month,DSL,Credit card,No,3
25,36,75.26,Month-to-month,DSL,Electronic check,No,4
55,20,124.33,One year,Fiber optic,Mailed check,Yes,1
49,15,70.31,Month-to-month,DSL,Credit card,No,1
67,18,88.36,One year,Fiber optic,Electronic check,No,1
24,7,62.34,Month-to-month,DSL,Bank transfer,Yes,1
26,25,102.99,Month-to-month,Fiber optic,Bank transfer,Yes,1
70,72,97.3,Two year,Fiber optic,Bank transfer,No,2
44,11,105.86,One year,Fiber optic,Electronic check,No,0
45,16,87.17,Month-to-month,Fiber optic,Credit card,Yes,1
75,67,113.19,Two year,Fiber optic,Bank transfer,Yes,1
45,16,79.61,Month-to-month,DSL,Electronic check,Yes,1
60,25,126.02,One year,Fiber optic,Credit card,Yes,1
41,10,89.66,Month-to-month,Fiber optic,Electronic check,No,1
29,72,22.5,Month-to-month,No internet,Bank transfer,No,2
19,38,35.77,Month-to-month,No internet,Credit card,Yes,1
48,31,74.9,Month-to-month,DSL,Credit card,Yes,0
26,9,74.88,Month-to-month,DSL,Electronic check,No,0
20,5,74.63,Month-to-month,DSL,Credit card,No,1
68,9,117.4,Month-to-month,Fiber optic,Bank transfer,Yes,1
75,48,95.08,Two year,DSL,Mailed check,Yes,0
38,19,100.9,One year,Fiber optic,Credit card,No,1
55,60,39.23,Two year,No internet,Bank transfer,No,1
61,23,45.03,Month-to-month,No internet,Credit card,No,1
39,24,22.5,Month-to-month,No internet,Credit card,Yes,1
24,17,27.62,Month-to-month,No internet,Bank transfer,No,0
58,9,44.59,One year,DSL,Mailed check,Yes,2
