area_sqft,bedrooms,bathrooms,house_age_years,distance_to_city_km,location,condition,has_parking
1853,4,3,10,8.1,Suburb,Fair,Yes
734,2,1,3,15.4,Outskirts,Good,Yes
1226,3,3,5,14.1,Suburb,Good,No
1910,4,3,3,29.8,Outskirts,Good,No
1755,4,4,60,8.5,Suburb,Good,Yes
1455,3,2,24,11.9,Suburb,Good,No
1459,3,2,4,10.3,Suburb,Good,Yes
1208,2,2,11,3.0,City Centre,Good,Yes
1013,2,1,22,2.9,City Centre,Good,Yes
1458,3,3,7,2.0,City Centre,Fair,Yes
1249,3,2,7,10.1,Suburb,Fair,Yes
1540,3,2,18,1.3,City Centre,Poor,No
667,1,1,14,24.8,Outskirts,Good,No
399,1,1,3,1.5,City Centre,Fair,No
1386,3,2,3,14.0,Suburb,Good,Yes
1217,2,2,18,13.2,Suburb,Fair,Yes
1905,4,4,10,6.3,Suburb,Excellent,No
1046,2,2,8,18.5,Outskirts,Fair,Yes
1411,3,2,20,20.0,Outskirts,Fair,Yes
545,1,1,15,20.9,Outskirts,Fair,Yes
1863,4,4,24,16.0,Outskirts,Good,No
1347,3,3,14,5.4,Suburb,Good,No
1510,4,3,5,9.1,Suburb,Excellent,No
1440,3,2,5,10.5,Suburb,Fair,No
954,2,2,29,9.5,Suburb,Excellent,No
1737,4,4,31,1.3,City Centre,Good,Yes
1169,2,1,13,6.9,Suburb,Good,Yes
1685,3,2,8,18.1,Outskirts,Fair,Yes
1473,3,2,5,4.8,City Centre,Excellent,Yes
1837,5,4,9,1.1,City Centre,Good,No
955,2,2,7,3.7,City Centre,Poor,Yes
1383,3,2,19,29.6,Outskirts,Excellent,Yes
581,1,1,8,7.7,Suburb,Good,No
1015,3,2,19,3.7,City Centre,Good,Yes
1338,3,2,10,2.2,City Centre,Fair,Yes
805,2,2,14,12.0,Suburb,Good,No
1455,3,2,27,13.3,Suburb,Good,No
1202,3,3,7,13.2,Suburb,Fair,Yes
1508,3,3,4,16.3,Outskirts,Fair,No
974,2,1,19,22.7,Outskirts,Poor,No
1842,4,3,16,20.5,Outskirts,Good,Yes
1034,2,1,10,10.3,Suburb,Good,Yes
807,2,2,9,27.8,Outskirts,Fair,Yes
2102,5,4,25,1.7,City Centre,Good,Yes
1259,3,2,4,12.5,Suburb,Fair,Yes
2141,5,4,15,6.3,Suburb,Good,Yes
1385,3,3,0,10.6,Suburb,Excellent,No
1321,3,2,15,10.9,Suburb,Good,Yes
1109,2,2,17,5.6,Suburb,Fair,No
1193,3,3,13,2.4,City Centre,Fair,Yes
1090,2,2,29,7.1,Suburb,Fair,No
694,2,2,9,2.6,City Centre,Good,Yes
772,2,2,22,6.4,Suburb,Excellent,Yes
576,1,1,49,4.1,City Centre,Fair,Yes
832,2,1,23,4.0,City Centre,Good,Yes
350,1,1,16,1.6,City Centre,Good,Yes
1436,3,3,16,12.8,Suburb,Excellent,No
1475,3,2,4,7.1,Suburb,Good,Yes
2190,5,4,2,7.3,Suburb,Fair,Yes
1157,2,2,33,11.0,Suburb,Fair,Yes
1406,3,2,2,1.7,City Centre,Excellent,Yes
1159,3,3,10,16.8,Outskirts,Good,Yes
1037,2,1,10,25.1,Outskirts,Good,No
2031,4,3,29,24.6,Outskirts,Good,Yes
1805,4,4,14,33.2,Outskirts,Fair,No
1050,2,1,5,18.3,Outskirts,Good,Yes
1054,2,2,22,17.7,Outskirts,Good,Yes
1348,3,2,31,26.9,Outskirts,Excellent,Yes
1604,3,2,21,7.9,Suburb,Fair,Yes
927,2,1,29,14.4,Suburb,Good,Yes
939,2,1,12,24.4,Outskirts,Good,Yes
888,2,2,20,2.4,City Centre,Good,No
1189,3,2,15,1.0,City Centre,Fair,No
891,2,2,5,26.7,Outskirts,Good,No
877,2,1,14,10.1,Suburb,Fair,Yes
2077,5,4,19,9.7,Suburb,Good,Yes
1810,4,4,5,4.6,City Centre,Poor,Yes
1730,4,3,8,13.8,Suburb,Good,Yes
2196,5,4,9,10.6,Suburb,Fair,Yes
1132,2,2,21,9.7,Suburb,Good,No
1907,4,4,27,29.1,Outskirts,Fair,Yes
1832,4,3,21,2.7,City Centre,Excellent,Yes
2144,5,4,22,7.4,Suburb,Excellent,Yes
1673,4,3,7,0.7,City Centre,Good,No
1577,3,3,32,5.5,Suburb,Excellent,Yes
996,2,2,18,1.5,City Centre,Good,No
1498,4,3,13,14.2,Suburb,Good,Yes
1747,4,4,14,23.7,Outskirts,Poor,Yes
1487,3,2,17,10.1,Suburb,Fair,No
1971,4,4,22,12.1,Suburb,Good,Yes
1122,3,2,10,12.0,Suburb,Good,No
1101,3,2,5,30.3,Outskirts,Fair,Yes
1129,2,1,20,1.5,City Centre,Good,Yes
1589,4,4,3,5.1,Suburb,Good,Yes
1509,3,3,6,0.6,City Centre,Poor,Yes
1363,3,3,36,1.9,City Centre,Fair,No
903,2,2,5,9.8,Suburb,Excellent,Yes
868,2,1,11,11.3,Suburb,Good,Yes
1842,4,4,18,8.9,Suburb,Fair,Yes
1101,2,1,15,17.3,Outskirts,Good,Yes
594,1,1,9,29.3,Outskirts,Fair,Yes
1255,3,2,5,4.2,City Centre,Excellent,No
1230,3,3,13,9.2,Suburb,Good,No
1277,3,3,3,14.8,Suburb,Good,Yes
1525,3,3,7,9.2,Suburb,Excellent,Yes
1259,2,1,10,8.2,Suburb,Excellent,Yes
1560,3,3,23,13.9,Suburb,Good,Yes
814,2,2,5,22.9,Outskirts,Good,Yes
1800,4,4,14,16.7,Outskirts,Excellent,No
989,2,2,6,0.6,City Centre,Good,No
1457,3,3,6,8.5,Suburb,Poor,Yes
1853,4,4,11,4.7,City Centre,Good,Yes
532,1,1,13,2.4,City Centre,Fair,Yes
603,1,1,10,23.7,Outskirts,Good,Yes
1304,3,3,3,14.9,Suburb,Good,Yes
1265,3,3,4,31.2,Outskirts,Fair,No
1406,3,3,21,19.8,Outskirts,Excellent,No
1292,3,2,8,14.5,Suburb,Good,Yes
1546,3,3,1,12.7,Suburb,Fair,No
933,2,1,3,14.3,Suburb,Poor,Yes
1472,3,3,4,15.1,Outskirts,Fair,No
628,1,1,19,7.2,Suburb,Fair,No
1203,2,2,5,7.9,Suburb,Fair,Yes
542,1,1,8,9.9,Suburb,Good,Yes
1250,3,2,11,24.2,Outskirts,Good,Yes
970,3,2,9,0.5,City Centre,Good,Yes
1144,2,1,18,14.5,Suburb,Excellent,Yes
1789,4,4,17,10.1,Suburb,Fair,No
1888,4,4,17,1.6,City Centre,Good,No
1521,3,3,6,5.1,Suburb,Good,No
1490,3,3,8,10.2,Suburb,Fair,No
953,2,2,8,7.7,Suburb,Fair,Yes
1136,2,1,11,10.9,Suburb,Excellent,Yes
415,1,1,19,0.7,City Centre,Excellent,No
1643,4,3,3,3.3,City Centre,Fair,Yes
1173,3,2,11,5.7,Suburb,Good,No
1354,3,2,10,6.6,Suburb,Good,Yes
1585,3,2,16,9.5,Suburb,Fair,No
1755,4,4,6,8.4,Suburb,Excellent,No
1496,3,2,17,9.4,Suburb,Fair,No
1631,4,3,16,13.4,Suburb,Excellent,Yes
929,1,1,25,4.4,City Centre,Fair,Yes
625,1,1,7,2.6,City Centre,Fair,No
1674,4,4,8,12.0,Suburb,Good,Yes
2219,5,4,20,6.9,Suburb,Good,No
1543,3,2,23,0.8,City Centre,Good,Yes
633,1,1,10,1.7,City Centre,Poor,Yes
1901,4,3,10,1.3,City Centre,Poor,Yes
832,2,2,15,11.5,Suburb,Excellent,No
1422,3,2,16,4.2,City Centre,Good,Yes
1308,3,2,3,13.1,Suburb,Good,Yes
804,1,1,13,5.2,Suburb,Fair,No
960,2,2,60,11.7,Suburb,Good,Yes
639,1,1,6,10.7,Suburb,Good,Yes
1176,3,3,19,2.8,City Centre,Fair,No
1037,2,1,7,6.1,Suburb,Fair,Yes
1503,3,2,9,4.1,City Centre,Good,Yes
959,2,2,24,1.9,City Centre,Fair,Yes
462,1,1,28,1.1,City Centre,Fair,Yes
1611,3,2,15,26.1,Outskirts,Good,Yes
1082,2,1,40,0.9,City Centre,Good,No
1058,2,1,14,8.8,Suburb,Excellent,Yes
622,1,1,3,8.1,Suburb,Good,Yes
1067,2,2,10,10.0,Suburb,Good,No
1772,4,3,12,5.3,Suburb,Good,No
1407,3,2,24,9.9,Suburb,Good,Yes
1283,3,2,2,3.3,City Centre,Good,Yes
842,2,2,9,5.0,Suburb,Poor,No
2304,5,4,2,6.7,Suburb,Good,Yes
2284,5,4,10,3.5,City Centre,Good,Yes
2092,5,4,31,9.3,Suburb,Fair,Yes
1939,4,4,6,10.8,Suburb,Good,Yes
1414,3,2,24,1.5,City Centre,Good,Yes
418,1,1,4,1.4,City Centre,Good,Yes
1149,2,1,25,2.4,City Centre,Good,Yes
1270,3,3,12,9.0,Suburb,Good,No
922,2,1,8,22.9,Outskirts,Fair,Yes
1149,2,2,5,4.6,City Centre,Good,No
1479,3,3,1,7.2,Suburb,Excellent,No
350,1,1,12,2.7,City Centre,Fair,Yes
1469,3,3,14,12.2,Suburb,Excellent,No
2166,5,4,37,2.8,City Centre,Good,No
1337,3,2,21,12.2,Suburb,Excellent,Yes
1440,3,2,24,1.1,City Centre,Good,No
1609,3,3,5,33.9,Outskirts,Good,Yes
676,1,1,12,5.5,Suburb,Good,Yes
1027,2,1,7,6.8,Suburb,Fair,Yes
2269,5,4,6,14.0,Suburb,Excellent,Yes
1341,3,2,10,26.5,Outskirts,Good,Yes
1700,4,3,32,10.3,Suburb,Fair,No
1556,4,4,17,7.2,Suburb,Fair,Yes
1662,4,3,10,28.9,Outskirts,Good,No
829,2,1,20,12.3,Suburb,Excellent,Yes
428,1,1,11,10.0,Suburb,Poor,Yes
1234,3,3,41,12.7,Suburb,Good,Yes
1218,3,2,25,11.2,Suburb,Good,Yes
1342,3,3,6,5.2,Suburb,Fair,Yes
1635,3,2,6,6.0,Suburb,Fair,Yes
1765,4,4,27,32.9,Outskirts,Fair,No
1313,3,2,10,5.1,Suburb,Fair,Yes
1246,3,3,12,29.7,Outskirts,Fair,Yes
1685,4,3,13,16.3,Outskirts,Fair,No
1056,2,2,5,7.4,Suburb,Excellent,No
1815,4,3,10,5.2,Suburb,Poor,No
1334,3,2,25,31.3,Outskirts,Excellent,Yes
981,2,2,14,3.2,City Centre,Good,No
516,1,1,4,26.5,Outskirts,Good,Yes
1458,3,2,21,25.5,Outskirts,Fair,Yes
1715,3,2,13,33.3,Outskirts,Good,No
1921,4,4,5,4.4,City Centre,Poor,Yes
637,1,1,14,32.6,Outskirts,Fair,No
844,1,1,4,13.2,Suburb,Fair,Yes
1096,2,1,4,10.1,Suburb,Poor,Yes
1637,3,3,10,17.7,Outskirts,Fair,No
1903,4,4,0,32.5,Outskirts,Excellent,Yes
1968,4,4,13,6.8,Suburb,Fair,Yes
1746,4,3,11,0.7,City Centre,Good,Yes
1669,4,4,2,11.8,Suburb,Good,Yes
1374,3,2,8,5.6,Suburb,Good,Yes
996,2,1,1,21.4,Outskirts,Fair,Yes
1036,2,2,2,8.7,Suburb,Good,Yes
1427,3,3,20,5.5,Suburb,Good,No
599,1,1,32,6.5,Suburb,Fair,Yes
1013,2,1,30,23.8,Outskirts,Good,Yes
1287,2,2,11,12.4,Suburb,Good,No
1079,2,1,13,14.7,Suburb,Excellent,Yes
1470,3,2,38,25.1,Outskirts,Good,No
2151,5,4,11,4.3,City Centre,Excellent,Yes
1458,3,2,4,11.2,Suburb,Excellent,Yes
565,1,1,29,3.1,City Centre,Good,Yes
364,1,1,12,32.5,Outskirts,Fair,Yes
871,2,2,11,9.9,Suburb,Good,No
1551,3,3,11,4.4,City Centre,Good,No
1132,2,2,8,12.3,Suburb,Good,No
1634,3,2,23,30.7,Outskirts,Good,Yes
1063,2,1,6,33.9,Outskirts,Poor,Yes
939,2,1,4,19.9,Outskirts,Poor,Yes
864,2,2,7,1.8,City Centre,Good,Yes
1828,4,4,8,8.4,Suburb,Fair,No
1027,2,1,8,14.7,Suburb,Poor,Yes
1169,3,3,5,0.9,City Centre,Poor,Yes
1174,3,2,22,34.9,Outskirts,Good,No
599,1,1,14,14.3,Suburb,Good,Yes
2248,5,4,28,1.1,City Centre,Excellent,No
1315,3,2,32,5.6,Suburb,Fair,No
1037,2,1,9,8.9,Suburb,Excellent,Yes
1668,4,3,42,21.5,Outskirts,Excellent,Yes
834,2,1,9,7.1,Suburb,Excellent,Yes
1120,2,2,12,18.8,Outskirts,Good,Yes
976,2,2,23,13.7,Suburb,Good,Yes
1742,4,4,26,5.8,Suburb,Good,Yes
1082,3,2,11,24.2,Outskirts,Good,No
903,2,1,2,5.9,Suburb,Good,Yes
1446,3,3,11,16.8,Outskirts,Good,Yes
728,2,2,19,4.1,City Centre,Fair,Yes
1535,3,2,5,16.9,Outskirts,Excellent,Yes
948,1,1,2,10.7,Suburb,Excellent,Yes
2018,5,4,20,2.2,City Centre,Fair,Yes
1588,3,2,31,11.1,Suburb,Poor,No
1431,3,2,11,10.4,Suburb,Good,No
1736,4,4,30,12.6,Suburb,Fair,Yes
1405,3,3,23,1.6,City Centre,Good,Yes
927,2,1,2,14.5,Suburb,Good,Yes
1278,3,2,24,5.2,Suburb,Fair,Yes
1732,4,3,4,30.4,Outskirts,Fair,Yes
552,1,1,17,11.9,Suburb,Good,Yes
1065,2,2,26,5.9,Suburb,Good,No
1668,3,2,6,10.4,Suburb,Fair,No
1085,3,2,9,10.8,Suburb,Good,No
1139,2,1,34,7.3,Suburb,Good,Yes
1903,4,3,5,6.6,Suburb,Good,Yes
1147,2,2,17,1.8,City Centre,Excellent,No
1527,3,2,13,12.0,Suburb,Fair,Yes
1290,3,3,9,0.8,City Centre,Good,No
1517,3,3,4,13.0,Suburb,Good,Yes
1373,3,2,13,2.6,City Centre,Fair,Yes
663,2,1,10,15.6,Outskirts,Good,Yes
1157,3,2,4,9.3,Suburb,Fair,Yes
713,1,1,6,2.5,City Centre,Good,Yes
410,1,1,9,11.4,Suburb,Fair,Yes
1762,4,3,12,34.9,Outskirts,Fair,Yes
1258,2,1,22,25.2,Outskirts,Good,No
1190,2,2,25,23.1,Outskirts,Fair,Yes
1147,2,2,30,12.6,Suburb,Good,Yes
1430,3,2,23,8.4,Suburb,Fair,Yes
1236,3,2,32,27.3,Outskirts,Good,Yes
1251,3,2,15,11.2,Suburb,Fair,Yes
1263,2,1,10,4.0,City Centre,Good,No
1434,3,3,15,13.5,Suburb,Good,Yes
1862,4,3,9,4.3,City Centre,Good,Yes
933,2,1,20,1.1,City Centre,Good,Yes
1216,3,3,20,33.1,Outskirts,Excellent,Yes
1253,2,2,12,18.9,Outskirts,Fair,Yes
1342,3,2,12,8.2,Suburb,Good,Yes
669,1,1,18,4.4,City Centre,Good,Yes
1333,3,2,8,27.0,Outskirts,Good,Yes
805,1,1,11,2.3,City Centre,Poor,Yes
634,1,1,27,33.8,Outskirts,Good,Yes
1342,3,2,15,32.8,Outskirts,Fair,Yes
1070,2,2,11,6.5,Suburb,Fair,Yes
1526,4,3,8,14.9,Suburb,Excellent,Yes
1771,4,4,21,9.0,Suburb,Good,Yes
1606,4,3,16,13.3,Suburb,Good,No
908,2,1,8,8.8,Suburb,Fair,No
1767,4,4,5,12.0,Suburb,Poor,No
1335,3,3,3,22.9,Outskirts,Good,Yes
1489,3,3,23,23.8,Outskirts,Fair,No
1549,3,2,10,7.6,Suburb,Good,No
1027,2,2,10,3.5,City Centre,Poor,Yes
610,1,1,20,34.9,Outskirts,Fair,Yes
1407,3,2,13,8.7,Suburb,Good,No
1229,3,2,13,3.1,City Centre,Fair,No
1303,3,3,10,24.3,Outskirts,Fair,Yes
1915,4,3,6,2.9,City Centre,Good,No
1367,3,3,10,1.4,City Centre,Good,Yes
502,1,1,13,4.6,City Centre,Good,Yes
1451,3,3,16,8.3,Suburb,Excellent,Yes
2393,5,4,6,0.5,City Centre,Good,Yes
824,1,1,3,8.2,Suburb,Fair,No
1478,3,3,20,8.6,Suburb,Good,No
1386,3,2,16,4.1,City Centre,Good,No
1320,3,3,5,32.8,Outskirts,Good,No
539,1,1,4,32.9,Outskirts,Poor,Yes
1320,3,3,9,4.7,City Centre,Poor,No
1002,1,1,35,7.6,Suburb,Fair,Yes
1418,4,3,17,14.3,Suburb,Excellent,No
1389,3,3,21,8.4,Suburb,Fair,No
1937,4,4,11,9.9,Suburb,Good,Yes
1598,3,3,12,2.5,City Centre,Good,No
582,1,1,21,0.9,City Centre,Good,Yes
1176,3,3,26,4.9,City Centre,Good,Yes
1646,3,2,34,1.8,City Centre,Good,Yes
1230,2,2,5,12.2,Suburb,Fair,Yes
688,2,1,5,10.1,Suburb,Poor,Yes
1435,3,2,5,6.9,Suburb,Good,Yes
992,2,2,10,10.2,Suburb,Fair,No
1068,2,1,11,0.9,City Centre,Good,No
1554,3,2,11,16.1,Outskirts,Poor,No
1690,4,3,7,13.9,Suburb,Poor,Yes
1325,3,3,12,34.3,Outskirts,Good,Yes
871,1,1,9,13.3,Suburb,Excellent,No
2334,5,4,2,24.1,Outskirts,Good,Yes
1750,3,3,3,32.8,Outskirts,Good,Yes
1167,3,2,26,8.8,Suburb,Good,Yes
530,1,1,7,1.0,City Centre,Good,No
2140,5,4,11,3.4,City Centre,Good,Yes
1297,3,3,8,3.9,City Centre,Fair,No
777,1,1,6,31.4,Outskirts,Poor,No
1543,3,2,9,31.1,Outskirts,Fair,Yes
1538,3,3,8,5.9,Suburb,Fair,Yes
1798,4,4,12,0.9,City Centre,Fair,Yes
1968,5,4,8,3.2,City Centre,Fair,No
1022,2,1,5,15.2,Outskirts,Good,Yes
1782,4,3,12,1.2,City Centre,Good,Yes
1432,3,2,13,25.6,Outskirts,Excellent,No
2200,5,4,8,12.6,Suburb,Good,Yes
1117,2,1,8,12.2,Suburb,Good,No
628,2,2,6,1.5,City Centre,Poor,Yes
1032,3,3,34,11.9,Suburb,Excellent,No
1129,2,2,2,13.8,Suburb,Good,No
761,1,1,27,9.9,Suburb,Good,Yes
987,2,1,12,4.6,City Centre,Good,No
1728,4,3,7,2.3,City Centre,Good,Yes
1300,3,3,7,3.0,City Centre,Fair,Yes
2043,5,4,5,14.4,Suburb,Good,Yes
1692,3,2,22,29.1,Outskirts,Good,No
1757,4,4,6,2.8,City Centre,Fair,Yes
2270,5,4,6,7.8,Suburb,Good,No
1767,4,4,28,18.3,Outskirts,Fair,Yes
1457,3,3,48,2.6,City Centre,Excellent,Yes
940,1,1,11,1.2,City Centre,Fair,Yes
1086,3,3,16,4.0,City Centre,Good,Yes
1040,2,2,23,10.7,Suburb,Excellent,Yes
1750,4,3,12,10.1,Suburb,Fair,Yes
1413,3,2,12,6.4,Suburb,Good,Yes
1697,4,4,20,8.5,Suburb,Poor,No
1159,3,2,12,1.9,City Centre,Good,Yes
1749,4,3,24,26.6,Outskirts,Poor,No
955,2,1,16,1.9,City Centre,Poor,Yes
1744,4,4,19,11.8,Suburb,Excellent,Yes
603,1,1,6,10.0,Suburb,Fair,Yes
1849,4,3,25,8.7,Suburb,Good,Yes
1770,4,4,15,28.5,Outskirts,Good,Yes
2163,5,4,8,30.0,Outskirts,Excellent,Yes
1844,4,4,12,24.2,Outskirts,Good,Yes
1360,3,2,50,1.9,City Centre,Good,Yes
1076,2,2,27,8.7,Suburb,Good,Yes
1468,3,2,16,29.1,Outskirts,Good,Yes
1094,3,3,6,13.6,Suburb,Fair,No
646,1,1,9,2.1,City Centre,Excellent,Yes
1646,4,3,6,1.1,City Centre,Good,No
1766,4,4,25,4.2,City Centre,Good,Yes
1717,4,4,35,2.6,City Centre,Excellent,Yes
936,2,2,15,11.7,Suburb,Excellent,Yes
1815,4,3,6,18.9,Outskirts,Good,Yes
756,1,1,2,13.8,Suburb,Good,Yes
535,1,1,19,3.1,City Centre,Excellent,No
734,1,1,9,5.0,Suburb,Good,Yes
2366,5,4,6,10.1,Suburb,Excellent,No
1362,3,3,15,10.0,Suburb,Good,No
