area_sqft,bedrooms,bathrooms,house_age_years,distance_to_city_km,location,condition,has_parking,price_lakhs
1824,4,4,17,12.3,Suburb,Excellent,Yes,136.01
703,1,1,6,11.1,Suburb,Good,No,29.65
942,2,2,29,10.4,Suburb,Fair,No,36.32
1039,3,2,21,29.6,Outskirts,Good,Yes,46.09
1169,2,2,13,0.8,City Centre,Good,Yes,101.28
1400,3,2,12,22.7,Outskirts,Good,Yes,76.14
1335,3,3,7,8.2,Suburb,Excellent,Yes,94.5
1145,2,1,12,13.5,Suburb,Fair,Yes,64.79
1825,4,4,22,17.5,Outskirts,Good,No,76.76
848,2,1,29,14.2,Suburb,Excellent,Yes,43.39
1927,4,4,16,4.3,City Centre,Fair,Yes,176.84
1316,3,2,11,25.2,Outskirts,Good,Yes,66.39
1251,3,2,2,11.9,Suburb,Poor,Yes,75.6
1958,4,4,30,32.4,Outskirts,Good,Yes,79.52
1163,3,2,15,31.5,Outskirts,Good,Yes,48.59
815,1,1,18,2.3,City Centre,Good,Yes,87.71
1354,3,3,3,18.0,Outskirts,Good,Yes,67.83
972,2,2,7,1.2,City Centre,Fair,Yes,101.12
1320,3,3,32,10.7,Suburb,Fair,Yes,72.02
390,1,1,23,15.2,Outskirts,Fair,No,12.23
625,1,1,4,14.7,Suburb,Good,Yes,38.33
1531,4,4,10,12.1,Suburb,Good,No,100.45
769,1,1,53,29.5,Outskirts,Excellent,Yes,12.0
958,3,3,5,8.5,Suburb,Excellent,No,63.99
1304,3,3,14,7.2,Suburb,Fair,Yes,75.61
1535,3,3,6,3.5,City Centre,Good,Yes,150.35
675,2,1,24,9.4,Suburb,Poor,No,20.92
1682,4,4,24,0.5,City Centre,Poor,Yes,129.36
1000,2,1,17,34.1,Outskirts,Good,No,21.91
704,1,1,26,32.9,Outskirts,Good,No,12.0
890,2,1,20,6.5,Suburb,Fair,Yes,52.38
1292,3,3,18,14.1,Suburb,Poor,Yes,71.94
1433,3,2,13,2.7,City Centre,Good,Yes,128.64
1624,3,3,3,1.5,City Centre,Good,Yes,165.73
1137,2,1,11,24.6,Outskirts,Poor,Yes,46.35
967,2,2,4,13.7,Suburb,Excellent,No,57.38
1372,3,3,16,10.7,Suburb,Fair,Yes,66.73
1400,3,3,9,34.3,Outskirts,Good,Yes,55.87
1147,2,2,28,7.7,Suburb,Excellent,No,70.2
475,1,1,11,1.4,City Centre,Fair,Yes,42.85
1137,2,2,6,12.2,Suburb,Good,Yes,73.01
1119,3,3,2,2.6,City Centre,Excellent,Yes,133.93
1744,4,3,4,18.9,Outskirts,Fair,Yes,81.26
1376,3,2,11,7.6,Suburb,Fair,Yes,85.37
1817,4,3,16,12.8,Suburb,Good,No,95.75
1456,3,2,10,2.9,City Centre,Good,No,137.73
1709,4,3,16,10.7,Suburb,Fair,No,95.49
603,1,1,9,29.3,Outskirts,Good,No,12.0
1341,3,2,15,3.0,City Centre,Good,Yes,122.4
1059,2,1,14,3.2,City Centre,Good,No,84.64
1680,4,3,10,14.3,Suburb,Good,Yes,116.62
1358,3,2,5,19.1,Outskirts,Excellent,Yes,86.66
1103,2,2,16,2.7,City Centre,Excellent,No,106.19
1124,2,2,9,0.9,City Centre,Fair,Yes,115.65
2411,5,4,19,1.0,City Centre,Good,Yes,208.24
1390,3,3,29,8.9,Suburb,Good,Yes,78.19
1236,3,3,13,13.3,Suburb,Good,No,74.69
1146,3,2,8,13.7,Suburb,Good,No,63.71
823,2,2,24,14.8,Suburb,Fair,No,26.99
1012,2,2,6,27.0,Outskirts,Good,No,44.65
1466,3,3,5,0.8,City Centre,Good,No,136.39
1872,4,4,9,11.7,Suburb,Good,Yes,121.83
1170,3,2,1,8.3,Suburb,Excellent,No,86.2
1020,2,1,6,10.9,Suburb,Fair,Yes,66.72
727,1,1,17,21.9,Outskirts,Excellent,No,39.18
885,2,2,8,5.1,Suburb,Good,Yes,64.59
896,2,1,7,7.4,Suburb,Good,Yes,51.41
740,1,1,9,4.8,City Centre,Good,Yes,69.51
1079,2,1,8,24.4,Outskirts,Poor,No,18.94
1420,3,3,3,12.4,Suburb,Fair,No,97.26
1220,3,3,2,14.3,Suburb,Fair,No,80.57
1543,3,3,42,10.7,Suburb,Excellent,Yes,93.14
1471,3,3,14,21.4,Outskirts,Good,Yes,72.0
1384,3,3,23,5.5,Suburb,Fair,Yes,84.38
971,2,1,34,2.6,City Centre,Fair,No,48.2
1781,4,4,15,25.8,Outskirts,Fair,Yes,81.41
1462,3,3,11,7.7,Suburb,Excellent,No,99.79
1948,4,4,27,33.4,Outskirts,Good,No,91.61
1441,4,4,9,18.5,Outskirts,Good,No,80.09
584,1,1,10,0.7,City Centre,Fair,No,59.38
1284,3,2,14,8.4,Suburb,Excellent,No,90.21
1595,3,2,19,6.7,Suburb,Good,No,86.99
1425,3,3,9,18.0,Outskirts,Good,No,70.25
485,1,1,3,9.1,Suburb,Fair,Yes,38.04
1898,4,3,27,1.7,City Centre,Excellent,Yes,172.63
1224,2,2,2,7.9,Suburb,Excellent,No,81.97
2051,5,4,11,2.7,City Centre,Excellent,Yes,204.31
1455,3,3,9,11.7,Suburb,Good,Yes,81.89
989,2,1,11,20.0,Outskirts,Good,No,26.66
1264,2,2,11,11.4,Suburb,Good,Yes,86.29
1745,4,4,16,17.2,Outskirts,Fair,No,65.78
1412,3,3,10,9.5,Suburb,Fair,Yes,79.27
1428,3,2,18,11.0,Suburb,Fair,No,71.6
636,1,1,5,33.9,Outskirts,Good,Yes,12.0
1297,2,1,27,11.8,Suburb,Good,Yes,55.79
1367,3,2,7,5.9,Suburb,Good,Yes,83.27
1013,2,2,17,8.2,Suburb,Good,Yes,54.46
1756,4,4,5,5.0,Suburb,Poor,Yes,115.17
1083,2,2,7,4.8,City Centre,Good,No,82.8
1444,3,3,15,0.5,City Centre,Good,Yes,119.49
1001,2,2,32,13.7,Suburb,Excellent,No,54.03
2027,5,4,20,8.9,Suburb,Good,Yes,138.3
906,2,2,15,14.6,Suburb,Good,Yes,68.42
943,2,1,8,5.7,Suburb,Fair,Yes,60.98
359,1,1,11,7.3,Suburb,Fair,No,12.12
1920,4,3,9,7.0,Suburb,Good,Yes,123.34
1927,4,4,25,5.5,Suburb,Good,No,112.42
1050,2,1,7,6.9,Suburb,Fair,No,47.17
431,1,1,20,3.5,City Centre,Good,Yes,30.73
999,2,1,23,2.2,City Centre,Excellent,Yes,88.49
1680,3,3,21,20.1,Outskirts,Excellent,No,78.88
819,2,2,29,1.6,City Centre,Poor,No,56.66
1580,4,3,10,14.6,Suburb,Good,Yes,96.92
1818,4,3,5,13.2,Suburb,Good,Yes,134.69
1252,3,2,12,30.0,Outskirts,Good,No,37.7
1645,4,4,16,11.3,Suburb,Good,No,104.91
1866,4,4,23,26.7,Outskirts,Fair,Yes,69.91
1544,3,3,25,25.1,Outskirts,Good,No,44.09
1074,2,1,19,24.1,Outskirts,Excellent,Yes,54.42
538,1,1,16,12.0,Suburb,Fair,No,15.95
1765,4,4,9,5.3,Suburb,Fair,No,110.29
1041,2,2,3,1.4,City Centre,Excellent,Yes,122.44
1660,4,4,12,10.4,Suburb,Good,Yes,118.61
951,2,2,4,2.3,City Centre,Excellent,No,102.83
1657,4,3,16,6.3,Suburb,Good,No,100.25
1461,3,3,4,8.1,Suburb,Excellent,Yes,115.59
484,1,1,25,0.7,City Centre,Good,Yes,54.15
1069,2,2,22,26.5,Outskirts,Fair,Yes,48.37
1542,4,4,4,20.5,Outskirts,Good,Yes,85.16
1055,2,1,23,9.4,Suburb,Good,Yes,51.36
1163,2,2,7,12.3,Suburb,Fair,No,52.99
951,2,1,16,10.4,Suburb,Good,Yes,48.78
596,1,1,8,28.1,Outskirts,Poor,No,12.0
961,2,1,12,9.5,Suburb,Good,No,51.16
890,2,1,29,20.2,Outskirts,Excellent,Yes,19.09
1661,4,3,2,32.0,Outskirts,Fair,No,44.6
996,2,2,2,34.4,Outskirts,Excellent,Yes,73.68
679,1,1,24,5.1,Suburb,Good,Yes,20.91
987,2,2,11,0.6,City Centre,Excellent,Yes,104.04
891,2,1,14,28.8,Outskirts,Fair,Yes,30.06
530,1,1,1,0.8,City Centre,Good,Yes,53.11
1502,3,3,31,5.3,Suburb,Good,Yes,77.96
868,2,1,6,20.6,Outskirts,Good,No,21.75
1324,3,3,4,21.2,Outskirts,Good,No,65.83
840,2,1,7,7.9,Suburb,Good,Yes,52.41
1100,2,2,31,5.1,Suburb,Good,No,42.06
1219,2,2,10,6.3,Suburb,Fair,Yes,81.9
996,2,1,10,1.2,City Centre,Good,No,79.58
1476,3,2,20,19.9,Outskirts,Excellent,Yes,77.95
1601,4,3,15,3.5,City Centre,Fair,Yes,141.57
800,2,1,17,14.1,Suburb,Good,No,36.4
976,1,1,4,3.0,City Centre,Good,No,78.53
1797,4,4,60,31.2,Outskirts,Good,Yes,59.81
875,2,2,5,5.2,Suburb,Fair,Yes,62.38
1204,3,2,11,10.0,Suburb,Poor,Yes,50.7
1537,3,3,10,9.9,Suburb,Fair,Yes,93.79
781,2,2,6,10.8,Suburb,Fair,Yes,66.32
1448,3,2,3,10.1,Suburb,Good,Yes,88.52
1482,3,3,5,2.4,City Centre,Poor,Yes,120.29
1433,3,2,14,14.4,Suburb,Fair,Yes,60.81
937,3,3,5,33.4,Outskirts,Good,Yes,40.21
1081,2,1,5,9.1,Suburb,Good,Yes,67.53
1448,3,3,16,4.5,City Centre,Poor,Yes,102.56
1053,2,2,10,6.6,Suburb,Excellent,Yes,63.15
923,2,1,17,8.6,Suburb,Fair,Yes,44.9
1279,3,2,9,10.8,Suburb,Good,No,62.11
1340,2,1,6,6.0,Suburb,Good,Yes,77.66
1732,4,4,10,9.8,Suburb,Good,Yes,115.66
1792,4,3,37,26.0,Outskirts,Fair,No,48.26
1577,3,2,15,6.0,Suburb,Fair,No,82.23
381,1,1,7,7.1,Suburb,Fair,Yes,36.28
943,2,1,15,6.5,Suburb,Good,Yes,51.08
1833,4,3,9,1.7,City Centre,Poor,No,134.57
1092,2,2,3,5.6,Suburb,Fair,No,70.5
1478,3,2,7,12.5,Suburb,Good,Yes,83.39
1448,3,3,22,20.8,Outskirts,Poor,Yes,56.72
930,2,2,26,3.1,City Centre,Excellent,No,72.26
1536,3,3,2,6.3,Suburb,Poor,No,78.58
777,1,1,5,6.1,Suburb,Good,Yes,51.54
1272,3,2,5,11.2,Suburb,Fair,Yes,68.74
1087,2,1,46,8.7,Suburb,Good,Yes,39.3
1177,2,2,11,10.6,Suburb,Good,Yes,66.01
2195,5,4,15,7.3,Suburb,Fair,No,128.92
1414,3,3,25,13.3,Suburb,Fair,Yes,66.51
1555,4,4,10,9.3,Suburb,Good,Yes,102.32
1710,3,2,27,10.8,Suburb,Good,No,104.56
1405,3,2,5,1.6,City Centre,Good,Yes,118.57
589,1,1,5,10.1,Suburb,Poor,No,26.18
1164,2,1,6,2.0,City Centre,Good,Yes,96.95
1792,4,4,57,5.4,Suburb,Good,No,93.09
1876,4,3,10,20.2,Outskirts,Excellent,Yes,94.63
1476,3,3,15,25.0,Outskirts,Excellent,No,67.18
975,2,2,7,2.6,City Centre,Fair,Yes,90.73
1792,4,3,12,11.2,Suburb,Excellent,Yes,135.99
1311,3,2,14,8.1,Suburb,Good,Yes,84.34
606,1,1,12,28.6,Outskirts,Good,Yes,12.0
1448,3,3,20,6.7,Suburb,Fair,Yes,74.7
592,1,1,7,1.5,City Centre,Fair,Yes,54.66
1776,4,4,5,7.0,Suburb,Poor,Yes,110.91
1828,4,4,2,4.2,City Centre,Poor,Yes,150.37
1271,2,2,21,12.7,Suburb,Good,No,69.8
1699,4,3,12,7.0,Suburb,Good,No,91.64
1376,3,3,3,1.5,City Centre,Fair,Yes,109.69
1183,2,1,19,13.6,Suburb,Fair,No,43.85
1594,4,3,19,6.7,Suburb,Good,Yes,93.42
1705,4,4,14,0.6,City Centre,Fair,Yes,141.4
1316,3,2,42,5.4,Suburb,Fair,Yes,50.41
1502,4,3,17,9.9,Suburb,Good,Yes,88.75
1012,2,2,18,11.9,Suburb,Excellent,No,57.04
1010,2,1,8,32.4,Outskirts,Good,Yes,33.05
2159,4,3,7,11.1,Suburb,Good,Yes,132.8
1462,3,2,17,5.4,Suburb,Fair,Yes,73.98
1587,3,2,4,3.2,City Centre,Excellent,Yes,155.43
1272,3,2,31,6.8,Suburb,Good,Yes,66.04
983,2,2,2,32.6,Outskirts,Good,Yes,53.16
1436,3,2,17,2.8,City Centre,Good,Yes,125.34
971,2,2,8,14.9,Suburb,Good,Yes,53.25
666,1,1,18,13.8,Suburb,Fair,Yes,31.73
1099,2,1,19,33.3,Outskirts,Good,Yes,39.18
1487,3,2,12,7.8,Suburb,Good,Yes,102.35
1683,4,4,3,12.7,Suburb,Good,No,113.01
1179,2,2,24,9.1,Suburb,Good,Yes,71.17
1928,5,4,19,4.1,City Centre,Fair,Yes,156.88
1328,3,3,9,30.1,Outskirts,Fair,Yes,63.22
1435,3,3,18,3.3,City Centre,Poor,Yes,94.8
1006,2,1,6,10.5,Suburb,Excellent,Yes,67.58
1010,2,2,23,8.4,Suburb,Good,No,59.94
1418,3,2,8,14.4,Suburb,Fair,Yes,80.41
1657,4,3,33,5.8,Suburb,Good,Yes,99.05
1351,3,3,7,1.2,City Centre,Good,No,119.37
1531,3,3,18,3.0,City Centre,Fair,Yes,122.97
943,2,1,18,33.3,Outskirts,Good,No,17.1
1389,3,2,5,17.5,Outskirts,Fair,Yes,56.79
1542,3,3,8,1.5,City Centre,Excellent,No,167.44
1635,3,3,10,2.2,City Centre,Excellent,Yes,166.24
1774,4,3,7,20.0,Outskirts,Good,No,62.81
2029,4,3,8,0.6,City Centre,Good,No,157.87
1587,3,2,39,1.7,City Centre,Fair,No,113.69
977,2,1,10,13.8,Suburb,Fair,Yes,41.94
1455,3,2,8,2.0,City Centre,Excellent,No,140.79
2113,5,4,39,30.2,Outskirts,Poor,Yes,80.95
1518,4,3,45,5.1,Suburb,Excellent,No,59.16
923,1,1,23,6.2,Suburb,Good,No,34.83
1558,3,3,7,6.2,Suburb,Fair,Yes,93.92
1511,3,3,39,10.8,Suburb,Good,Yes,75.68
613,1,1,3,7.8,Suburb,Fair,Yes,29.57
1260,2,1,38,4.9,City Centre,Good,No,83.53
1238,2,1,12,6.0,Suburb,Fair,Yes,65.81
1355,3,3,21,19.2,Outskirts,Fair,Yes,55.1
1310,3,3,14,7.9,Suburb,Excellent,No,88.81
620,1,1,2,4.7,City Centre,Excellent,Yes,58.5
617,1,1,12,10.4,Suburb,Good,Yes,39.97
882,2,2,7,14.9,Suburb,Excellent,Yes,59.31
1434,3,3,11,5.4,Suburb,Good,Yes,101.1
1747,4,4,13,28.3,Outskirts,Good,Yes,82.71
1474,3,2,3,3.0,City Centre,Good,Yes,136.67
1267,3,2,3,14.6,Suburb,Fair,No,75.27
1239,3,2,4,10.8,Suburb,Good,Yes,84.52
1835,4,3,12,6.9,Suburb,Poor,Yes,96.4
1542,3,3,21,8.9,Suburb,Good,Yes,89.89
411,1,1,8,6.4,Suburb,Fair,Yes,32.38
788,1,1,18,2.9,City Centre,Excellent,No,60.15
1615,3,2,16,11.6,Suburb,Excellent,No,95.29
1440,3,2,12,4.1,City Centre,Fair,No,105.5
1687,4,3,14,2.8,City Centre,Fair,Yes,128.63
1022,2,1,3,9.8,Suburb,Fair,No,53.96
713,1,1,3,13.2,Suburb,Fair,Yes,43.25
1256,3,2,8,8.9,Suburb,Excellent,Yes,97.07
1560,3,3,16,6.7,Suburb,Excellent,Yes,114.9
1200,2,1,30,18.3,Outskirts,Good,Yes,46.98
2264,5,4,15,10.2,Suburb,Excellent,No,157.63
1525,3,3,16,6.4,Suburb,Good,Yes,90.75
1675,3,3,17,10.9,Suburb,Poor,Yes,87.06
874,2,1,5,21.3,Outskirts,Good,Yes,37.78
1102,3,3,17,8.0,Suburb,Poor,No,53.26
1817,4,3,9,6.5,Suburb,Good,Yes,125.59
1383,3,3,9,29.9,Outskirts,Good,No,59.89
1423,3,2,1,4.2,City Centre,Good,Yes,127.91
1146,3,2,5,1.0,City Centre,Good,No,95.11
706,1,1,13,5.3,Suburb,Good,Yes,29.09
1659,4,4,22,3.0,City Centre,Good,Yes,152.43
1399,3,2,27,16.7,Outskirts,Good,Yes,66.86
1622,4,4,22,7.2,Suburb,Excellent,Yes,124.18
1363,3,3,29,31.7,Outskirts,Poor,Yes,37.1
1805,4,3,2,6.4,Suburb,Fair,Yes,123.38
1216,2,2,18,23.4,Outskirts,Excellent,No,57.07
972,2,1,20,2.9,City Centre,Good,Yes,91.92
1570,3,3,15,13.1,Suburb,Good,Yes,104.05
1115,2,2,9,1.1,City Centre,Fair,Yes,82.38
947,2,1,20,7.4,Suburb,Poor,Yes,53.14
350,1,1,9,11.9,Suburb,Good,Yes,12.38
1306,3,3,5,11.4,Suburb,Fair,Yes,88.38
1315,3,2,11,10.7,Suburb,Excellent,Yes,101.77
1116,2,2,13,9.2,Suburb,Good,Yes,64.38
1055,2,1,18,6.5,Suburb,Good,No,59.24
2107,5,4,1,0.7,City Centre,Fair,Yes,175.53
1383,3,3,15,2.9,City Centre,Poor,No,101.43
1237,3,3,13,15.7,Outskirts,Fair,Yes,65.15
1231,3,2,5,9.3,Suburb,Good,Yes,88.67
2082,4,3,4,9.7,Suburb,Good,Yes,132.11
1410,3,3,6,11.6,Suburb,Excellent,Yes,99.76
1358,3,3,4,2.5,City Centre,Good,Yes,133.4
1207,3,3,20,11.7,Suburb,Good,No,89.24
350,1,1,14,9.3,Suburb,Good,Yes,12.0
917,2,1,12,5.8,Suburb,Poor,Yes,19.76
1426,3,2,13,4.5,City Centre,Fair,No,121.84
1109,2,2,24,21.1,Outskirts,Good,No,30.18
1110,2,2,17,7.8,Suburb,Poor,No,55.56
564,1,1,11,14.9,Suburb,Excellent,Yes,35.0
757,1,1,20,4.6,City Centre,Good,Yes,58.54
1650,4,3,19,9.4,Suburb,Fair,Yes,97.3
1422,3,3,34,11.8,Suburb,Excellent,Yes,90.91
755,2,2,7,10.7,Suburb,Excellent,No,51.26
1007,2,2,5,10.6,Suburb,Fair,No,45.68
1093,2,2,21,12.4,Suburb,Fair,Yes,59.39
1248,3,3,11,14.0,Suburb,Good,Yes,75.38
1065,2,2,34,29.7,Outskirts,Fair,Yes,28.1
1660,3,2,15,9.8,Suburb,Fair,No,86.72
1302,3,3,10,3.5,City Centre,Fair,No,119.65
1136,3,3,32,5.8,Suburb,Good,Yes,69.4
543,1,1,2,4.3,City Centre,Excellent,Yes,62.62
2365,5,4,2,11.7,Suburb,Good,No,153.15
947,2,1,4,16.3,Outskirts,Fair,Yes,45.98
2263,5,4,9,8.0,Suburb,Good,Yes,147.31
1090,2,2,21,2.8,City Centre,Good,No,84.84
794,2,2,0,6.2,Suburb,Good,Yes,65.54
1080,2,2,14,2.8,City Centre,Excellent,Yes,102.64
964,2,1,16,13.8,Suburb,Excellent,Yes,66.07
1010,2,1,29,7.2,Suburb,Fair,No,39.2
1943,4,4,37,8.1,Suburb,Good,Yes,130.77
1041,2,1,17,5.8,Suburb,Good,Yes,60.88
1192,3,3,1,10.0,Suburb,Fair,Yes,83.6
1230,3,2,21,2.1,City Centre,Excellent,No,109.82
686,1,1,27,5.6,Suburb,Fair,Yes,20.26
1613,4,3,4,26.6,Outskirts,Good,Yes,67.35
761,2,1,3,12.1,Suburb,Excellent,Yes,54.43
1400,3,3,14,1.5,City Centre,Good,No,141.98
2283,5,4,3,13.7,Suburb,Fair,No,133.26
2078,5,4,13,13.5,Suburb,Excellent,No,147.34
1212,3,2,13,31.8,Outskirts,Fair,Yes,45.04
595,1,1,30,3.6,City Centre,Fair,Yes,41.46
2017,4,3,7,16.8,Outskirts,Good,Yes,104.91
1683,4,3,37,32.8,Outskirts,Good,Yes,53.45
1484,3,3,3,10.5,Suburb,Good,Yes,99.43
1456,3,3,5,5.1,Suburb,Good,No,92.99
1799,4,4,2,32.9,Outskirts,Fair,Yes,87.35
1829,4,4,7,11.9,Suburb,Excellent,Yes,136.01
773,1,1,8,8.1,Suburb,Excellent,Yes,58.0
2232,5,4,4,15.8,Outskirts,Good,Yes,103.63
1911,4,4,6,12.6,Suburb,Excellent,Yes,148.26
1325,2,2,13,6.5,Suburb,Fair,Yes,71.89
940,2,1,6,12.4,Suburb,Excellent,No,64.57
1567,3,2,9,21.1,Outskirts,Fair,No,50.69
1414,3,2,16,1.2,City Centre,Good,No,116.09
995,2,2,4,4.6,City Centre,Excellent,Yes,109.89
1807,4,3,10,0.6,City Centre,Good,Yes,163.1
1504,3,3,8,2.7,City Centre,Good,Yes,135.89
1149,2,1,9,33.2,Outskirts,Good,Yes,51.61
943,2,2,11,9.9,Suburb,Excellent,Yes,73.05
1026,2,1,11,10.8,Suburb,Excellent,Yes,71.34
1497,3,2,12,24.4,Outskirts,Good,No,62.13
906,1,1,6,8.2,Suburb,Excellent,Yes,73.8
1071,3,2,5,11.1,Suburb,Fair,No,55.66
1145,2,2,10,8.0,Suburb,Good,Yes,68.3
1326,3,3,18,2.8,City Centre,Excellent,Yes,131.19
1788,4,3,15,1.3,City Centre,Good,Yes,157.66
1646,4,4,7,18.3,Outskirts,Excellent,Yes,102.27
1242,2,2,6,10.1,Suburb,Good,Yes,75.76
1769,4,4,0,6.2,Suburb,Good,Yes,136.17
1462,3,3,5,12.1,Suburb,Fair,No,85.25
1851,4,3,9,23.6,Outskirts,Excellent,Yes,94.41
2159,5,4,2,11.1,Suburb,Good,Yes,138.71
1457,3,2,6,4.6,City Centre,Excellent,No,126.63
1745,4,3,22,10.6,Suburb,Poor,Yes,65.81
1413,3,2,9,34.0,Outskirts,Excellent,Yes,71.68
846,2,2,5,0.8,City Centre,Good,Yes,78.63
1019,2,1,1,5.0,City Centre,Good,Yes,96.84
827,1,1,19,7.4,Suburb,Good,Yes,52.22
2016,5,4,17,4.3,City Centre,Good,No,153.86
2361,5,4,16,5.4,Suburb,Good,Yes,133.89
706,1,1,22,10.2,Suburb,Fair,Yes,21.9
1244,3,2,18,9.2,Suburb,Excellent,Yes,93.99
1356,3,3,11,4.9,City Centre,Fair,Yes,122.36
1168,3,3,22,0.9,City Centre,Excellent,Yes,137.2
1798,4,3,20,13.4,Suburb,Fair,Yes,90.48
600,1,1,7,9.3,Suburb,Good,No,12.0
1345,3,2,10,7.3,Suburb,Good,Yes,72.9
1976,4,4,13,14.3,Suburb,Excellent,No,124.23
1523,3,3,8,3.3,City Centre,Good,No,122.67
1025,2,1,10,13.8,Suburb,Excellent,Yes,67.74
1072,2,2,17,13.4,Suburb,Fair,Yes,62.39
1224,3,3,19,32.2,Outskirts,Fair,Yes,49.26
1053,2,1,31,11.0,Suburb,Good,Yes,48.61
1050,2,1,25,11.8,Suburb,Good,Yes,42.61
1896,4,4,4,9.4,Suburb,Excellent,No,134.49
1335,3,3,16,23.1,Outskirts,Poor,No,29.71
1752,4,3,1,10.3,Suburb,Good,No,114.93
1458,3,2,4,9.0,Suburb,Poor,No,71.28
1134,2,2,26,32.2,Outskirts,Fair,Yes,26.23
1608,4,3,16,15.6,Outskirts,Good,Yes,77.93
918,1,1,7,16.7,Outskirts,Good,Yes,47.75
1846,4,4,4,2.4,City Centre,Good,Yes,175.47
1897,5,4,12,11.6,Suburb,Good,Yes,131.72
1869,4,4,12,14.3,Suburb,Excellent,No,117.44
2099,5,4,6,9.5,Suburb,Good,Yes,126.02
1166,3,2,4,6.5,Suburb,Fair,Yes,71.67
1952,4,4,16,8.0,Suburb,Good,Yes,124.73
1707,4,3,18,12.4,Suburb,Good,Yes,105.69
1619,3,2,32,10.3,Suburb,Good,Yes,93.63
1013,2,2,15,3.4,City Centre,Good,Yes,87.36
1618,3,3,4,7.5,Suburb,Good,No,97.04
1523,3,2,29,11.1,Suburb,Good,Yes,69.99
784,2,1,8,33.3,Outskirts,Excellent,Yes,27.77
1063,2,2,4,5.0,City Centre,Fair,Yes,86.66
1221,3,2,4,1.3,City Centre,Fair,No,95.68
1484,3,2,6,6.9,Suburb,Good,No,85.85
888,1,1,3,0.6,City Centre,Fair,No,66.78
1576,3,3,7,7.3,Suburb,Poor,No,79.33
984,2,1,16,8.3,Suburb,Excellent,Yes,68.63
1206,3,3,22,4.8,City Centre,Excellent,Yes,115.46
1216,2,1,21,22.8,Outskirts,Fair,No,33.0
1478,3,2,12,3.1,City Centre,Excellent,No,131.88
502,1,1,6,6.6,Suburb,Good,No,29.23
1342,3,2,10,1.0,City Centre,Poor,No,98.31
935,2,1,36,14.0,Suburb,Good,Yes,36.48
1940,4,4,19,18.4,Outskirts,Good,Yes,94.23
1288,3,3,21,15.0,Suburb,Fair,No,67.31
1347,3,2,24,32.6,Outskirts,Good,Yes,51.01
1795,4,3,20,1.6,City Centre,Poor,No,128.8
2026,4,3,19,11.3,Suburb,Poor,Yes,96.19
1581,3,3,3,6.3,Suburb,Excellent,No,113.23
580,1,1,4,9.4,Suburb,Fair,Yes,41.09
1125,2,1,4,34.4,Outskirts,Fair,No,29.12
1317,3,2,4,2.6,City Centre,Good,No,113.58
836,2,2,4,1.1,City Centre,Excellent,Yes,93.95
935,1,1,6,20.9,Outskirts,Poor,Yes,26.85
1571,3,2,4,2.4,City Centre,Good,Yes,139.62
2171,5,4,17,24.6,Outskirts,Good,No,93.38
659,1,1,7,7.6,Suburb,Good,Yes,57.34
1546,3,2,3,4.4,City Centre,Good,Yes,143.67
1709,4,4,10,10.8,Suburb,Good,Yes,123.92
1301,3,3,7,15.0,Suburb,Good,Yes,83.68
1575,3,2,12,10.9,Suburb,Good,Yes,100.97
1527,4,3,4,14.5,Suburb,Poor,No,83.63
1385,3,2,13,11.3,Suburb,Good,No,75.48
2333,5,4,11,9.4,Suburb,Good,Yes,148.13
653,2,2,3,6.8,Suburb,Good,No,53.12
1887,4,3,5,31.6,Outskirts,Good,No,72.96
978,2,2,6,10.7,Suburb,Good,Yes,63.58
1297,3,3,35,4.4,City Centre,Poor,Yes,76.85
970,2,2,16,3.6,City Centre,Excellent,Yes,101.51
1833,4,3,6,14.6,Suburb,Good,Yes,126.56
1124,3,3,32,21.1,Outskirts,Good,No,44.62
1424,3,3,18,31.5,Outskirts,Fair,Yes,55.17
1917,5,4,9,12.4,Suburb,Fair,Yes,114.9
1659,4,3,17,1.3,City Centre,Fair,Yes,129.9
519,1,1,24,7.0,Suburb,Fair,Yes,18.43
735,1,1,6,5.2,Suburb,Good,Yes,55.95
1563,3,3,5,21.4,Outskirts,Poor,Yes,61.57
1426,3,2,10,5.5,Suburb,Fair,Yes,74.62
421,1,1,2,5.8,Suburb,Excellent,No,32.39
2387,5,4,27,1.4,City Centre,Excellent,No,224.93
677,1,1,6,13.1,Suburb,Fair,Yes,26.73
1198,2,1,9,12.8,Suburb,Fair,Yes,47.86
1222,3,2,37,9.5,Suburb,Good,Yes,44.08
1758,4,3,9,12.2,Suburb,Good,Yes,108.74
687,2,2,54,1.8,City Centre,Good,Yes,32.26
1160,2,2,6,8.7,Suburb,Excellent,Yes,85.36
911,2,1,17,14.6,Suburb,Fair,Yes,50.0
1217,2,2,6,12.1,Suburb,Good,No,75.08
1691,4,3,13,9.5,Suburb,Excellent,Yes,114.8
779,2,2,6,4.1,City Centre,Good,No,70.21
2250,5,4,5,11.3,Suburb,Good,No,136.51
780,1,1,12,4.1,City Centre,Good,Yes,74.23
724,2,2,22,28.2,Outskirts,Good,No,12.0
1622,4,3,14,12.5,Suburb,Good,Yes,102.0
606,1,1,10,9.2,Suburb,Poor,Yes,34.96
1766,4,4,6,23.4,Outskirts,Good,No,73.12
2135,5,4,1,14.5,Suburb,Fair,Yes,124.82
1381,3,2,3,28.0,Outskirts,Good,No,55.29
1701,4,3,6,12.9,Suburb,Good,Yes,109.2
678,1,1,4,28.7,Outskirts,Good,Yes,20.24
929,2,1,24,2.9,City Centre,Excellent,Yes,74.04
1463,3,3,19,1.4,City Centre,Fair,Yes,111.69
1727,4,3,24,4.1,City Centre,Excellent,Yes,165.76
2055,4,4,27,10.4,Suburb,Excellent,No,134.24
1090,2,1,13,26.6,Outskirts,Good,Yes,33.2
1285,3,2,5,33.5,Outskirts,Fair,Yes,42.59
1650,3,2,27,1.8,City Centre,Fair,Yes,116.66
1372,3,2,14,13.3,Suburb,Excellent,No,81.24
1092,3,2,8,34.2,Outskirts,Good,Yes,46.34
1800,4,4,21,29.7,Outskirts,Excellent,Yes,88.1
1128,2,1,7,10.8,Suburb,Poor,Yes,53.8
1522,3,2,11,1.5,City Centre,Fair,Yes,127.2
1400,3,2,18,3.1,City Centre,Fair,No,113.32
948,2,2,10,28.1,Outskirts,Fair,Yes,54.72
1070,2,1,5,31.6,Outskirts,Poor,Yes,61.71
1051,2,1,6,27.0,Outskirts,Fair,Yes,32.45
1049,2,1,16,2.1,City Centre,Good,Yes,88.75
1175,3,3,23,4.9,City Centre,Good,No,100.9
735,1,1,4,13.8,Suburb,Fair,No,33.32
1133,3,3,6,6.1,Suburb,Excellent,No,74.22
1239,2,2,41,3.9,City Centre,Good,Yes,102.94
579,1,1,39,11.1,Suburb,Good,Yes,22.74
734,1,1,3,9.0,Suburb,Good,Yes,40.18
1123,3,3,3,6.3,Suburb,Poor,No,65.19
1452,3,3,50,5.2,Suburb,Good,Yes,76.46
1413,3,3,9,6.2,Suburb,Good,No,105.47
1370,3,3,36,13.3,Suburb,Good,No,56.4
1352,3,2,22,23.7,Outskirts,Poor,Yes,34.42
555,1,1,4,1.5,City Centre,Good,No,61.7
961,1,1,23,4.1,City Centre,Poor,Yes,57.22
845,2,2,1,1.2,City Centre,Good,Yes,83.01
2055,4,3,15,19.9,Outskirts,Good,No,65.37
902,2,2,9,3.8,City Centre,Fair,No,72.11
1112,3,2,6,5.1,Suburb,Poor,No,58.88
1801,3,3,15,30.8,Outskirts,Good,No,68.53
1039,2,1,8,8.0,Suburb,Excellent,Yes,73.63
2232,5,4,14,12.7,Suburb,Fair,Yes,128.12
611,1,1,3,5.5,Suburb,Good,No,37.41
1177,3,3,5,17.9,Outskirts,Good,No,41.63
1489,3,3,9,10.5,Suburb,Excellent,Yes,94.8
952,2,2,12,1.6,City Centre,Good,Yes,94.13
1309,2,2,12,11.7,Suburb,Fair,No,72.8
1919,4,4,8,11.9,Suburb,Poor,Yes,103.46
1356,3,3,53,8.9,Suburb,Excellent,Yes,78.99
1434,3,2,17,10.3,Suburb,Good,No,73.33
940,2,1,15,13.0,Suburb,Good,Yes,50.31
947,2,1,7,29.2,Outskirts,Poor,No,17.61
1744,4,4,15,1.5,City Centre,Fair,Yes,158.44
1391,3,3,39,7.9,Suburb,Good,Yes,73.65
1117,2,1,5,9.4,Suburb,Good,No,61.13
1530,3,2,7,2.4,City Centre,Fair,Yes,125.03
1120,2,1,9,0.8,City Centre,Excellent,No,100.34
759,1,1,2,33.3,Outskirts,Good,Yes,33.61
1276,3,3,10,29.4,Outskirts,Fair,Yes,62.73
885,2,2,33,24.4,Outskirts,Good,No,12.0
2183,5,4,8,31.8,Outskirts,Poor,Yes,87.16
1647,3,2,6,29.8,Outskirts,Good,Yes,58.59
1172,3,3,5,6.0,Suburb,Good,No,75.33
2172,5,4,9,3.4,City Centre,Good,No,189.23
1369,3,2,22,14.5,Suburb,Fair,No,53.22
1467,3,2,10,10.7,Suburb,Poor,No,61.68
1389,3,2,15,26.4,Outskirts,Fair,Yes,50.1
878,2,2,12,4.2,City Centre,Excellent,Yes,97.14
1477,3,3,26,21.6,Outskirts,Good,Yes,58.54
1960,5,4,7,12.1,Suburb,Poor,Yes,104.73
2244,5,4,24,13.5,Suburb,Poor,Yes,95.22
1089,2,1,11,8.4,Suburb,Good,No,41.21
1504,3,3,7,13.6,Suburb,Excellent,No,102.88
929,2,2,3,0.5,City Centre,Good,No,75.05
1456,3,2,1,2.4,City Centre,Good,No,132.25
871,2,1,23,14.2,Suburb,Fair,No,28.41
1228,2,2,12,7.5,Suburb,Poor,Yes,57.17
1573,3,2,5,4.4,City Centre,Fair,Yes,122.15
2014,5,4,12,13.8,Suburb,Excellent,No,142.23
1508,3,3,1,5.3,Suburb,Fair,Yes,96.83
687,1,1,3,8.7,Suburb,Fair,Yes,49.05
1205,3,3,15,12.1,Suburb,Excellent,Yes,90.9
1438,3,3,10,1.0,City Centre,Good,No,131.39
1356,3,2,1,12.3,Suburb,Good,Yes,71.57
1690,3,2,14,4.6,City Centre,Excellent,Yes,176.59
1372,3,3,50,14.6,Suburb,Good,Yes,67.96
1371,3,3,23,29.7,Outskirts,Fair,Yes,57.47
1596,4,3,15,8.0,Suburb,Excellent,Yes,108.84
1420,3,2,2,34.4,Outskirts,Excellent,Yes,70.95
2247,5,4,16,23.9,Outskirts,Fair,No,103.82
914,2,2,17,9.2,Suburb,Good,Yes,57.94
1669,4,4,3,8.7,Suburb,Excellent,Yes,130.02
1284,3,3,3,3.4,City Centre,Good,No,118.83
818,2,2,4,4.6,City Centre,Poor,Yes,82.32
1022,2,1,5,12.2,Suburb,Good,Yes,68.51
561,1,1,17,0.8,City Centre,Good,No,33.49
1132,2,1,24,10.4,Suburb,Fair,No,41.67
615,1,1,16,26.6,Outskirts,Excellent,Yes,14.84
1236,2,1,21,17.5,Outskirts,Excellent,No,53.05
1363,3,2,33,28.8,Outskirts,Good,No,44.34
1536,3,3,6,3.1,City Centre,Good,Yes,148.32
2179,5,4,6,26.5,Outskirts,Fair,No,82.83
1745,4,4,14,8.0,Suburb,Fair,Yes,110.63
761,1,1,14,8.2,Suburb,Fair,Yes,34.81
656,1,1,10,6.8,Suburb,Poor,Yes,34.48
957,2,1,7,11.5,Suburb,Excellent,Yes,62.16
1114,2,1,4,26.8,Outskirts,Fair,No,27.03
2003,4,4,10,5.6,Suburb,Good,Yes,137.87
1630,3,3,18,14.2,Suburb,Fair,Yes,106.59
973,2,1,18,11.4,Suburb,Good,No,34.47
1665,3,3,9,12.6,Suburb,Excellent,Yes,124.36
1815,4,4,15,9.1,Suburb,Good,No,110.96
1523,4,4,16,26.5,Outskirts,Good,Yes,61.2
2241,5,4,9,1.9,City Centre,Good,Yes,209.11
1292,2,2,12,32.5,Outskirts,Fair,No,50.17
1069,3,3,6,7.6,Suburb,Excellent,Yes,76.91
1809,4,3,10,0.8,City Centre,Fair,Yes,153.57
978,2,2,6,8.4,Suburb,Good,Yes,48.07
1859,4,3,18,4.0,City Centre,Fair,Yes,158.4
1075,2,1,11,12.9,Suburb,Good,No,53.74
878,2,2,21,16.7,Outskirts,Good,Yes,52.29
1311,3,3,14,11.9,Suburb,Excellent,Yes,92.79
516,1,1,22,0.9,City Centre,Fair,Yes,51.62
1224,2,2,5,6.3,Suburb,Good,Yes,74.21
1928,5,4,14,3.3,City Centre,Excellent,No,189.58
1101,2,1,21,3.6,City Centre,Good,Yes,101.21
1217,2,2,11,14.1,Suburb,Excellent,Yes,85.4
2179,5,4,8,8.5,Suburb,Fair,Yes,122.35
1738,3,3,3,10.3,Suburb,Good,No,96.55
1079,2,2,8,5.9,Suburb,Excellent,No,81.85
1222,2,1,8,27.6,Outskirts,Good,Yes,61.49
501,1,1,6,9.5,Suburb,Good,Yes,47.46
1485,3,2,11,25.4,Outskirts,Fair,Yes,57.32
717,2,2,9,3.8,City Centre,Good,Yes,72.5
1472,3,3,13,11.5,Suburb,Good,Yes,92.31
999,2,1,7,12.5,Suburb,Poor,No,36.61
1849,5,4,3,14.3,Suburb,Excellent,Yes,138.19
1121,2,2,1,2.6,City Centre,Good,Yes,98.7
1045,2,1,5,3.2,City Centre,Fair,No,73.45
920,2,2,10,9.6,Suburb,Poor,Yes,37.42
1712,4,4,19,13.9,Suburb,Excellent,Yes,128.45
1338,3,2,11,6.5,Suburb,Excellent,Yes,97.3
1331,3,3,29,3.1,City Centre,Good,No,101.47
1386,3,2,18,13.1,Suburb,Fair,No,75.41
1480,3,3,5,11.3,Suburb,Good,No,83.4
1751,4,4,11,1.3,City Centre,Excellent,No,178.38
889,2,2,13,2.9,City Centre,Excellent,No,82.33
650,1,1,7,9.3,Suburb,Excellent,Yes,51.03
1323,3,2,15,27.4,Outskirts,Excellent,No,55.86
1446,3,3,22,6.5,Suburb,Excellent,Yes,95.74
1297,3,3,16,24.0,Outskirts,Good,Yes,77.03
772,1,1,7,7.4,Suburb,Good,No,28.58
2168,5,4,7,26.7,Outskirts,Excellent,Yes,105.92
514,1,1,24,20.6,Outskirts,Fair,Yes,12.0
707,1,1,1,30.5,Outskirts,Fair,Yes,34.55
866,2,2,8,8.4,Suburb,Good,Yes,60.19
353,1,1,23,5.7,Suburb,Excellent,Yes,23.2
1698,3,3,9,5.5,Suburb,Fair,No,89.88
2578,5,4,7,2.1,City Centre,Good,Yes,232.4
695,2,2,2,27.3,Outskirts,Excellent,Yes,41.46
1812,4,4,10,13.6,Suburb,Excellent,No,115.45
2208,5,4,12,10.6,Suburb,Good,Yes,130.77
1752,4,4,13,11.1,Suburb,Good,Yes,120.2
715,1,1,3,8.4,Suburb,Good,Yes,38.43
970,2,2,22,1.1,City Centre,Fair,Yes,78.04
1347,3,3,11,21.2,Outskirts,Fair,Yes,75.02
1205,3,3,17,19.4,Outskirts,Fair,Yes,37.0
1030,2,2,8,13.2,Suburb,Good,No,65.24
1959,4,4,10,13.2,Suburb,Good,No,120.57
1910,4,3,9,2.1,City Centre,Fair,Yes,155.48
2104,5,4,11,10.5,Suburb,Excellent,No,141.89
1399,3,3,27,12.5,Suburb,Good,No,74.49
1427,3,2,4,4.3,City Centre,Good,Yes,130.09
767,2,2,9,34.7,Outskirts,Fair,Yes,27.49
1061,2,2,15,3.8,City Centre,Good,Yes,97.83
1259,3,3,23,14.1,Suburb,Good,Yes,67.39
1675,4,3,8,4.6,City Centre,Good,Yes,152.13
524,1,1,8,23.2,Outskirts,Excellent,Yes,18.53
1063,2,2,12,13.4,Suburb,Fair,Yes,52.4
1162,3,3,6,2.8,City Centre,Good,Yes,115.2
749,1,1,39,12.2,Suburb,Good,Yes,35.53
1021,2,1,6,5.8,Suburb,Fair,Yes,48.22
1249,3,3,12,12.8,Suburb,Good,Yes,76.65
1511,3,3,31,34.0,Outskirts,Fair,No,32.19
1836,4,4,11,11.3,Suburb,Excellent,No,134.16
1516,3,2,7,5.1,Suburb,Excellent,No,102.99
1084,2,2,8,10.8,Suburb,Good,No,59.48
497,1,1,10,4.5,City Centre,Fair,Yes,41.22
970,2,2,14,19.6,Outskirts,Poor,No,15.46
1307,3,3,9,8.8,Suburb,Excellent,No,97.83
912,2,1,5,11.0,Suburb,Good,Yes,45.96
1233,3,2,28,5.8,Suburb,Fair,Yes,46.04
1132,3,3,9,8.5,Suburb,Good,Yes,82.89
1629,4,3,27,13.3,Suburb,Fair,No,67.2
1366,3,2,20,5.8,Suburb,Excellent,No,93.17
1985,4,3,18,6.1,Suburb,Good,Yes,130.77
1576,4,3,11,11.5,Suburb,Good,Yes,101.73
763,2,2,7,24.8,Outskirts,Excellent,Yes,36.81
2024,5,4,36,28.8,Outskirts,Good,No,64.41
2088,5,4,6,11.9,Suburb,Excellent,No,147.19
1233,2,1,16,2.5,City Centre,Good,Yes,101.37
1618,4,3,18,25.0,Outskirts,Good,Yes,61.49
754,1,1,10,2.3,City Centre,Poor,Yes,58.49
1649,4,4,14,12.7,Suburb,Excellent,Yes,129.05
1699,4,3,8,12.5,Suburb,Good,No,92.26
1534,3,2,8,26.1,Outskirts,Good,Yes,69.9
1104,2,1,6,11.3,Suburb,Good,Yes,55.83
1514,3,2,14,7.3,Suburb,Good,Yes,96.39
1128,3,3,18,29.6,Outskirts,Fair,Yes,56.82
894,2,2,13,9.8,Suburb,Good,Yes,61.05
1668,4,3,33,3.2,City Centre,Good,Yes,144.24
1429,3,2,12,31.8,Outskirts,Fair,Yes,44.4
2000,5,4,26,31.0,Outskirts,Good,No,85.03
1696,4,4,9,6.9,Suburb,Good,No,112.07
915,2,2,4,3.9,City Centre,Good,No,70.19
1566,4,3,7,31.2,Outskirts,Good,Yes,77.13
2124,5,4,4,7.6,Suburb,Excellent,No,151.55
1142,2,1,12,10.8,Suburb,Fair,Yes,52.97
488,1,1,23,12.8,Suburb,Good,Yes,20.38
1364,3,2,28,5.4,Suburb,Excellent,Yes,80.99
1030,2,2,25,22.8,Outskirts,Excellent,Yes,39.06
1332,3,3,9,5.2,Suburb,Excellent,Yes,112.41
2201,5,4,15,9.6,Suburb,Good,Yes,137.11
1194,3,3,10,4.0,City Centre,Fair,Yes,105.14
520,1,1,17,21.0,Outskirts,Excellent,No,16.89
1291,3,2,2,14.6,Suburb,Fair,No,64.02
1065,2,1,10,2.5,City Centre,Excellent,Yes,107.7
1295,3,2,1,16.5,Outskirts,Poor,Yes,64.16
939,2,2,25,12.0,Suburb,Good,No,41.7
1134,2,1,12,4.6,City Centre,Fair,No,75.9
1230,2,1,23,3.1,City Centre,Fair,Yes,98.35
1253,3,2,9,3.0,City Centre,Good,Yes,120.95
777,1,1,12,6.1,Suburb,Good,No,44.57
1105,2,2,10,7.8,Suburb,Good,Yes,62.97
1315,3,2,17,26.0,Outskirts,Good,Yes,67.83
1572,3,3,1,30.4,Outskirts,Excellent,Yes,75.07
545,1,1,23,1.1,City Centre,Good,Yes,53.43
1629,4,3,19,1.8,City Centre,Excellent,No,165.59
843,2,1,3,2.8,City Centre,Poor,Yes,65.07
1343,3,3,11,3.4,City Centre,Excellent,Yes,150.18
1585,4,3,4,10.3,Suburb,Fair,No,80.57
1224,2,1,3,2.4,City Centre,Good,Yes,118.76
1107,2,1,13,10.1,Suburb,Good,Yes,63.68
1364,3,3,7,4.1,City Centre,Good,Yes,128.87
1055,2,2,8,7.2,Suburb,Fair,Yes,62.79
1503,3,3,3,7.1,Suburb,Poor,Yes,77.44
2259,5,4,28,30.5,Outskirts,Good,Yes,94.95
1594,3,2,17,24.5,Outskirts,Excellent,No,73.6
1883,4,4,14,7.1,Suburb,Excellent,Yes,134.49
2148,5,4,21,0.6,City Centre,Fair,No,177.9
1177,3,3,14,11.7,Suburb,Fair,Yes,69.24
1061,2,2,3,2.5,City Centre,Good,Yes,104.82
768,1,1,6,0.8,City Centre,Good,Yes,66.6
1596,3,2,18,8.5,Suburb,Good,Yes,100.78
1069,2,1,11,3.4,City Centre,Fair,Yes,97.74
1418,3,2,11,9.8,Suburb,Poor,Yes,72.91
1656,4,4,10,25.4,Outskirts,Good,Yes,96.34
1699,4,4,5,8.2,Suburb,Fair,No,108.64
1189,2,2,7,22.4,Outskirts,Fair,No,52.89
1006,2,1,23,1.9,City Centre,Excellent,Yes,94.41
1724,4,3,33,6.1,Suburb,Poor,No,88.02
1513,3,2,16,9.7,Suburb,Good,Yes,85.53
2082,4,3,5,11.6,Suburb,Fair,No,127.76
786,2,2,15,11.1,Suburb,Good,No,45.93
1245,2,2,10,10.6,Suburb,Fair,Yes,72.99
1357,3,3,28,0.8,City Centre,Fair,No,100.45
987,3,3,13,4.0,City Centre,Excellent,No,109.24
810,2,1,19,12.1,Suburb,Fair,No,46.25
1647,3,2,14,3.4,City Centre,Good,No,138.92
2148,5,4,15,14.8,Suburb,Good,No,135.61
1739,4,3,2,7.2,Suburb,Good,No,105.27
1264,2,1,26,1.5,City Centre,Excellent,Yes,109.11
474,1,1,24,31.7,Outskirts,Good,Yes,12.0
1457,3,3,11,25.6,Outskirts,Good,Yes,75.26
1020,2,2,12,14.8,Suburb,Good,Yes,67.11
779,1,1,28,3.3,City Centre,Excellent,No,64.73
2262,5,4,33,10.7,Suburb,Fair,Yes,130.1
976,2,2,6,7.6,Suburb,Excellent,No,56.83
1264,2,1,23,4.0,City Centre,Good,Yes,102.91
1554,3,2,7,21.3,Outskirts,Fair,Yes,66.58
953,3,2,6,4.6,City Centre,Fair,Yes,71.07
1411,3,2,16,9.3,Suburb,Excellent,No,96.82
1513,3,3,13,1.6,City Centre,Good,Yes,137.44
848,1,1,5,7.1,Suburb,Good,No,57.92
1047,2,1,9,1.9,City Centre,Good,No,101.51
1195,2,2,2,1.4,City Centre,Fair,No,91.81
987,2,1,19,23.5,Outskirts,Excellent,No,16.31
1373,3,2,10,3.0,City Centre,Poor,No,90.97
1028,3,2,9,12.1,Suburb,Fair,Yes,56.24
1800,4,4,11,6.9,Suburb,Good,Yes,135.53
994,2,1,15,9.8,Suburb,Fair,No,30.34
1846,4,4,5,11.7,Suburb,Good,Yes,128.11
1479,3,2,17,7.2,Suburb,Poor,No,74.74
1900,5,4,4,25.8,Outskirts,Good,Yes,87.37
2037,5,4,6,22.0,Outskirts,Fair,Yes,91.34
729,1,1,8,28.4,Outskirts,Excellent,Yes,26.21
1529,3,3,8,25.1,Outskirts,Fair,Yes,73.76
1063,2,2,17,14.7,Suburb,Good,No,51.32
1627,4,4,3,2.0,City Centre,Fair,Yes,152.75
1464,3,2,15,1.8,City Centre,Excellent,Yes,157.46
1881,4,4,18,5.6,Suburb,Good,No,114.57
1640,3,2,7,6.2,Suburb,Fair,Yes,88.95
1136,2,1,11,14.3,Suburb,Poor,No,54.25
1798,4,4,19,1.3,City Centre,Good,Yes,150.04
1769,4,3,7,31.7,Outskirts,Excellent,No,78.65
1040,2,2,5,4.5,City Centre,Excellent,No,94.44
835,2,2,1,11.2,Suburb,Good,Yes,57.02
1285,3,3,7,26.5,Outskirts,Fair,No,44.33
1623,4,3,12,13.1,Suburb,Good,Yes,103.8
1036,2,1,3,5.3,Suburb,Excellent,No,87.93
1187,2,1,23,8.4,Suburb,Good,No,35.89
1008,2,2,18,4.9,City Centre,Fair,Yes,87.3
1242,3,3,12,2.7,City Centre,Fair,Yes,106.77
1319,3,3,27,0.6,City Centre,Fair,No,101.39
1583,3,2,29,9.3,Suburb,Excellent,Yes,94.17
1038,2,2,6,21.0,Outskirts,Excellent,No,53.21
1266,2,1,3,10.6,Suburb,Good,No,56.68
1117,2,1,8,13.2,Suburb,Fair,Yes,58.59
562,1,1,13,25.1,Outskirts,Fair,Yes,12.0
1010,2,2,24,9.8,Suburb,Fair,Yes,55.36
1132,3,2,19,10.4,Suburb,Good,Yes,72.29
654,1,1,21,24.1,Outskirts,Good,Yes,12.0
1845,4,3,21,10.2,Suburb,Good,No,103.16
1282,3,3,24,1.3,City Centre,Good,No,117.88
1489,3,3,13,23.8,Outskirts,Good,Yes,79.71
1112,2,2,6,9.6,Suburb,Good,Yes,84.21
981,2,2,13,23.6,Outskirts,Excellent,No,27.11
620,1,1,12,13.9,Suburb,Fair,No,25.78
1896,4,3,10,10.6,Suburb,Good,No,109.68
1435,3,2,11,19.3,Outskirts,Good,Yes,65.04
1101,2,2,19,10.0,Suburb,Fair,Yes,61.35
1369,3,2,12,33.5,Outskirts,Excellent,No,63.96
1980,4,3,2,34.1,Outskirts,Fair,Yes,69.4
1438,3,3,13,31.3,Outskirts,Good,Yes,75.71
1313,3,3,7,9.9,Suburb,Good,Yes,98.56
648,1,1,10,27.6,Outskirts,Good,Yes,21.39
1711,4,4,6,9.7,Suburb,Good,Yes,117.33
1110,2,1,10,9.8,Suburb,Good,Yes,58.51
1517,4,4,9,32.5,Outskirts,Good,Yes,72.03
1829,4,4,8,0.8,City Centre,Fair,No,148.34
904,2,1,24,20.8,Outskirts,Good,No,12.12
1103,2,1,10,12.6,Suburb,Good,No,56.17
1586,3,2,23,2.0,City Centre,Excellent,Yes,141.92
1293,3,2,23,17.5,Outskirts,Good,Yes,42.61
1552,3,2,7,27.0,Outskirts,Fair,Yes,62.39
1269,2,2,12,34.0,Outskirts,Good,Yes,61.8
1103,2,1,15,17.2,Outskirts,Fair,Yes,47.97
861,2,1,2,9.1,Suburb,Fair,No,35.51
1799,5,4,22,27.9,Outskirts,Good,Yes,81.74
2142,5,4,28,12.7,Suburb,Good,Yes,128.61
617,1,1,4,32.4,Outskirts,Poor,No,12.0
1342,3,2,6,34.3,Outskirts,Good,No,62.34
956,2,2,8,9.7,Suburb,Good,No,44.91
490,2,2,11,1.4,City Centre,Good,No,36.61
1506,3,2,33,9.7,Suburb,Fair,No,71.97
1264,2,1,10,7.1,Suburb,Fair,No,47.7
918,2,1,16,7.7,Suburb,Good,Yes,49.02
1327,3,3,9,12.8,Suburb,Good,Yes,81.91
1077,2,2,35,13.6,Suburb,Excellent,Yes,56.03
1238,3,3,3,5.0,City Centre,Good,Yes,121.62
1602,3,2,12,13.0,Suburb,Good,No,93.76
1452,3,2,22,2.2,City Centre,Poor,Yes,102.43
998,2,2,10,1.9,City Centre,Fair,No,76.66
1210,3,3,15,4.3,City Centre,Fair,Yes,101.14
1794,4,4,10,7.1,Suburb,Good,Yes,134.98
965,2,2,3,5.6,Suburb,Fair,No,50.05
760,1,1,13,12.6,Suburb,Excellent,No,47.74
1772,4,4,2,11.6,Suburb,Poor,Yes,103.29
656,1,1,16,6.2,Suburb,Fair,Yes,28.35
1850,4,3,17,9.0,Suburb,Fair,Yes,116.27
1390,3,2,5,27.4,Outskirts,Fair,No,61.1
781,1,1,18,1.0,City Centre,Good,No,40.41
1400,3,3,13,6.2,Suburb,Good,Yes,97.49
1318,3,3,17,12.7,Suburb,Fair,Yes,79.18
1020,2,1,31,6.1,Suburb,Good,Yes,41.68
906,2,1,17,4.2,City Centre,Good,No,75.19
1542,3,3,5,3.3,City Centre,Fair,Yes,123.84
1453,3,3,4,17.4,Outskirts,Fair,Yes,61.1
1274,3,3,17,5.8,Suburb,Fair,No,70.48
1665,3,3,14,10.5,Suburb,Good,No,94.03
1028,2,2,10,32.3,Outskirts,Good,Yes,42.02
1655,4,4,15,34.8,Outskirts,Excellent,Yes,87.32
1020,2,2,13,7.7,Suburb,Good,No,61.86
1802,4,3,22,11.6,Suburb,Good,No,111.54
1599,3,3,14,9.3,Suburb,Good,No,94.35
933,2,1,11,2.2,City Centre,Fair,No,65.98
1235,2,1,15,4.1,City Centre,Good,No,85.53
1638,3,3,27,1.7,City Centre,Good,Yes,127.93
1577,3,3,9,32.1,Outskirts,Fair,No,51.19
1932,4,4,16,4.9,City Centre,Fair,Yes,161.77
1314,2,2,14,4.7,City Centre,Fair,Yes,102.53
1650,4,3,21,20.8,Outskirts,Good,Yes,74.27
1506,3,3,60,6.8,Suburb,Good,Yes,75.68
1103,2,1,26,24.7,Outskirts,Excellent,No,29.66
740,2,2,23,16.7,Outskirts,Good,No,23.61
1601,4,3,14,2.5,City Centre,Good,Yes,146.24
507,1,1,3,14.8,Suburb,Good,No,36.4
836,2,1,13,9.5,Suburb,Good,Yes,37.51
1147,3,3,12,11.7,Suburb,Fair,Yes,85.31
1006,2,2,17,6.6,Suburb,Good,No,46.52
1222,3,2,2,25.3,Outskirts,Fair,Yes,47.35
994,2,1,8,24.5,Outskirts,Fair,No,30.74
1521,4,3,5,9.0,Suburb,Fair,Yes,96.64
1301,3,3,5,0.9,City Centre,Fair,No,115.85
1269,3,2,10,9.8,Suburb,Fair,Yes,71.13
1264,2,2,8,14.8,Suburb,Good,Yes,57.93
2145,5,4,4,7.8,Suburb,Fair,No,119.41
1886,4,4,9,12.4,Suburb,Fair,No,92.34
1087,3,2,23,8.3,Suburb,Fair,Yes,60.47
1426,3,3,34,5.3,Suburb,Good,Yes,74.95
1697,3,2,3,3.7,City Centre,Good,No,147.51
1006,2,2,16,20.6,Outskirts,Good,Yes,33.85
1525,3,3,21,12.4,Suburb,Good,Yes,102.13
1104,2,1,36,2.5,City Centre,Poor,Yes,75.55
1378,3,2,18,7.7,Suburb,Fair,Yes,74.12
1794,4,4,14,6.0,Suburb,Good,Yes,119.46
1297,3,3,3,21.3,Outskirts,Poor,No,47.6
1436,3,2,36,2.9,City Centre,Good,Yes,115.67
932,2,1,8,8.5,Suburb,Good,Yes,67.53
1052,2,2,5,3.0,City Centre,Excellent,Yes,119.68
1199,3,3,3,10.7,Suburb,Fair,No,65.53
897,2,1,8,6.5,Suburb,Good,No,42.22
1454,3,2,7,22.6,Outskirts,Fair,Yes,63.36
2347,5,4,8,24.0,Outskirts,Good,No,86.85
1623,3,2,9,21.6,Outskirts,Good,Yes,78.02
1174,2,1,12,29.0,Outskirts,Poor,Yes,28.92
1415,3,2,16,4.6,City Centre,Good,No,121.64
1404,3,3,3,9.1,Suburb,Fair,No,97.88
1391,3,2,17,5.5,Suburb,Good,No,72.64
1388,3,3,7,15.8,Outskirts,Good,No,63.03
1338,3,2,6,19.3,Outskirts,Good,No,64.47
1566,3,2,20,2.1,City Centre,Fair,No,105.8
2310,5,4,15,21.4,Outskirts,Good,No,99.51
1493,3,3,21,23.8,Outskirts,Poor,Yes,48.86
2119,5,4,4,0.7,City Centre,Excellent,No,206.48
1940,5,4,19,19.0,Outskirts,Good,Yes,86.96
1386,3,3,6,3.0,City Centre,Good,Yes,140.37
410,1,1,22,30.7,Outskirts,Excellent,No,12.0
1282,3,3,4,9.6,Suburb,Good,No,83.26
1184,3,2,8,28.3,Outskirts,Poor,Yes,40.47
1087,2,2,5,3.7,City Centre,Fair,Yes,100.88
1227,3,3,10,14.4,Suburb,Good,Yes,98.82
1599,4,3,9,2.3,City Centre,Poor,Yes,107.27
1553,3,2,4,19.3,Outskirts,Good,No,56.37
1431,3,2,6,25.4,Outskirts,Good,Yes,49.71
435,1,1,3,23.8,Outskirts,Good,Yes,26.49
2261,5,4,7,5.1,Suburb,Good,Yes,157.11
619,2,2,7,32.0,Outskirts,Good,Yes,17.79
1732,4,4,28,1.3,City Centre,Fair,Yes,154.88
1403,3,2,12,6.8,Suburb,Excellent,No,103.23
1322,3,3,5,1.8,City Centre,Excellent,Yes,150.72
529,1,1,24,2.1,City Centre,Poor,No,15.47
1074,2,1,11,8.9,Suburb,Good,No,59.94
2007,4,3,15,6.9,Suburb,Excellent,Yes,138.93
754,1,1,37,11.1,Suburb,Excellent,No,29.2
796,1,1,13,5.5,Suburb,Excellent,Yes,46.92
1890,4,3,31,0.6,City Centre,Fair,No,136.6
853,2,1,15,6.5,Suburb,Poor,No,17.5
1040,2,2,24,22.0,Outskirts,Fair,No,33.43
1925,4,4,22,5.8,Suburb,Excellent,Yes,138.12
1191,2,1,15,2.7,City Centre,Good,No,91.54
1115,2,2,8,10.9,Suburb,Excellent,Yes,72.31
1053,2,2,15,28.4,Outskirts,Good,No,50.14
1448,3,2,10,18.8,Outskirts,Good,No,58.82
915,2,1,1,25.6,Outskirts,Fair,No,43.08
1529,3,2,12,2.5,City Centre,Good,Yes,135.2
1009,2,2,12,13.5,Suburb,Excellent,Yes,77.12
1194,3,2,15,7.8,Suburb,Good,No,69.3
1334,3,2,15,14.0,Suburb,Good,Yes,73.93
1567,3,3,5,31.6,Outskirts,Excellent,Yes,79.16
722,2,1,2,3.4,City Centre,Good,Yes,63.65
1958,4,3,15,21.8,Outskirts,Fair,No,85.47
1724,4,3,19,15.7,Outskirts,Good,Yes,74.19
565,2,1,10,21.9,Outskirts,Good,No,27.66
785,2,1,6,20.5,Outskirts,Good,Yes,34.27
808,1,1,7,3.2,City Centre,Fair,Yes,67.48
1333,3,2,14,11.3,Suburb,Good,Yes,79.89
922,2,2,5,21.4,Outskirts,Fair,Yes,51.17
622,1,1,28,2.7,City Centre,Good,Yes,35.47
1538,3,3,7,8.4,Suburb,Good,Yes,85.91
879,2,1,15,4.8,City Centre,Fair,Yes,68.05
1166,3,2,0,20.6,Outskirts,Fair,Yes,55.81
1637,4,4,8,12.9,Suburb,Good,No,108.13
1530,3,3,15,15.5,Outskirts,Good,Yes,65.61
507,1,1,8,22.3,Outskirts,Fair,Yes,16.16
462,1,1,17,6.2,Suburb,Excellent,Yes,36.24
1807,4,4,11,18.0,Outskirts,Good,Yes,104.9
1451,4,3,10,2.1,City Centre,Fair,No,128.02
607,1,1,15,12.3,Suburb,Good,Yes,18.07
1084,2,2,5,1.9,City Centre,Poor,No,70.83
1404,3,3,7,9.9,Suburb,Fair,Yes,84.25
748,2,1,9,13.4,Suburb,Good,Yes,56.56
831,1,1,15,29.5,Outskirts,Good,Yes,21.52
1150,2,1,25,1.3,City Centre,Good,No,76.89
983,2,1,5,10.9,Suburb,Good,Yes,70.98
1522,3,2,3,25.0,Outskirts,Excellent,No,69.25
1381,3,3,11,13.2,Suburb,Poor,No,55.94
1081,2,1,9,10.3,Suburb,Good,Yes,54.56
1691,4,4,13,4.1,City Centre,Fair,No,134.98
906,2,2,0,27.2,Outskirts,Good,No,30.71
2402,5,4,23,1.6,City Centre,Good,Yes,205.58
1099,2,1,25,2.4,City Centre,Good,No,76.24
1472,3,3,17,9.5,Suburb,Fair,No,72.5
1419,3,3,14,11.3,Suburb,Good,No,70.91
948,2,2,12,9.3,Suburb,Excellent,Yes,75.25
1796,4,3,3,9.7,Suburb,Good,Yes,120.71
1624,4,3,8,9.3,Suburb,Excellent,Yes,137.6
1355,3,3,21,21.0,Outskirts,Good,Yes,64.98
1745,4,3,9,4.8,City Centre,Fair,Yes,148.14
1441,3,2,4,34.6,Outskirts,Fair,No,37.93
1345,3,2,50,2.1,City Centre,Good,Yes,101.84
1159,3,3,36,23.8,Outskirts,Excellent,Yes,48.89
1357,2,2,11,12.5,Suburb,Good,Yes,73.5
1023,2,1,11,1.8,City Centre,Excellent,No,96.25
1263,3,2,35,3.7,City Centre,Excellent,Yes,118.49
634,1,1,20,12.9,Suburb,Excellent,Yes,20.04
1834,4,4,10,11.9,Suburb,Fair,Yes,103.54
1934,4,3,14,10.8,Suburb,Fair,Yes,111.4
927,2,2,3,26.4,Outskirts,Fair,Yes,33.9
1107,2,2,6,10.5,Suburb,Good,Yes,63.1
1488,3,2,5,14.3,Suburb,Poor,Yes,73.67
1339,2,1,2,8.7,Suburb,Fair,Yes,76.67
1441,3,3,60,9.2,Suburb,Excellent,Yes,96.08
1148,2,2,4,6.2,Suburb,Excellent,No,84.14
1565,3,3,10,2.7,City Centre,Good,Yes,141.53
1455,3,2,12,8.4,Suburb,Good,Yes,79.47
642,1,1,7,1.8,City Centre,Fair,Yes,60.48
1013,2,2,15,15.1,Outskirts,Excellent,No,42.78
628,1,1,1,3.6,City Centre,Poor,No,57.95
2100,5,4,2,3.1,City Centre,Fair,Yes,200.09
1221,3,3,11,11.2,Suburb,Good,Yes,77.06
911,2,1,9,4.4,City Centre,Good,No,67.84
2129,4,3,11,5.1,Suburb,Fair,Yes,132.16
1741,4,4,11,9.3,Suburb,Fair,No,91.21
1143,2,1,14,21.3,Outskirts,Excellent,Yes,44.25
2340,5,4,22,11.8,Suburb,Excellent,Yes,166.92
1173,2,1,22,5.2,Suburb,Good,Yes,53.07
781,2,2,39,4.9,City Centre,Good,Yes,42.55
2134,5,4,7,4.2,City Centre,Good,Yes,195.03
1104,2,1,7,34.7,Outskirts,Excellent,Yes,56.56
978,2,2,4,2.1,City Centre,Good,No,89.34
1651,3,3,11,9.9,Suburb,Poor,No,79.14
1955,4,3,5,33.5,Outskirts,Good,Yes,92.26
1037,2,1,21,5.7,Suburb,Excellent,Yes,59.09
1182,2,2,3,3.6,City Centre,Good,No,84.42
1260,3,3,18,8.5,Suburb,Good,No,61.28
1078,2,2,11,10.0,Suburb,Poor,No,59.99
1443,4,3,10,12.9,Suburb,Fair,Yes,95.66
917,2,2,11,10.9,Suburb,Fair,Yes,58.88
1248,3,3,12,12.0,Suburb,Excellent,Yes,91.75
1209,2,1,3,6.5,Suburb,Good,Yes,87.35
1292,3,3,7,14.3,Suburb,Poor,Yes,70.94
718,2,2,7,30.8,Outskirts,Good,Yes,27.6
1755,4,4,44,13.9,Suburb,Good,Yes,86.31
1348,3,2,16,6.8,Suburb,Good,Yes,93.89
1686,4,3,11,4.9,City Centre,Excellent,No,162.3
962,2,1,16,20.4,Outskirts,Fair,Yes,35.77
1401,3,3,3,13.9,Suburb,Good,No,74.93
1013,2,1,9,5.6,Suburb,Fair,Yes,49.85
844,2,1,9,10.8,Suburb,Excellent,Yes,71.91
1543,3,2,16,33.3,Outskirts,Excellent,Yes,62.34
1279,3,2,16,5.9,Suburb,Fair,No,68.68
1244,3,3,4,11.4,Suburb,Fair,No,69.96
1077,2,2,15,0.6,City Centre,Good,Yes,92.37
906,2,1,35,27.3,Outskirts,Fair,Yes,22.71
774,2,2,2,1.2,City Centre,Good,No,50.78
1104,2,1,17,1.3,City Centre,Good,No,75.01
1221,3,2,6,3.9,City Centre,Fair,No,91.39
1439,3,3,17,14.2,Suburb,Fair,Yes,91.7
1877,4,3,19,9.7,Suburb,Good,Yes,110.93
525,1,1,10,1.8,City Centre,Poor,Yes,22.33
1081,2,2,5,28.2,Outskirts,Good,Yes,57.16
1026,2,2,6,3.0,City Centre,Fair,Yes,94.22
1077,2,1,16,1.9,City Centre,Good,Yes,74.59
1436,3,2,58,7.7,Suburb,Poor,Yes,38.87
1323,3,3,6,13.2,Suburb,Good,Yes,80.63
1047,2,2,18,9.8,Suburb,Fair,Yes,51.84
929,2,1,11,4.6,City Centre,Fair,Yes,80.45
1671,4,4,24,14.4,Suburb,Good,Yes,95.16
1099,2,1,17,26.3,Outskirts,Fair,Yes,32.12
1031,2,1,4,8.3,Suburb,Fair,Yes,58.65
1831,4,3,29,7.1,Suburb,Good,Yes,114.37
1368,3,3,4,6.5,Suburb,Excellent,Yes,104.27
1496,3,2,7,19.7,Outskirts,Good,Yes,70.67
1367,3,2,12,3.3,City Centre,Good,Yes,128.27
1086,2,1,30,5.5,Suburb,Fair,Yes,62.3
1307,3,3,32,8.1,Suburb,Fair,Yes,72.51
1189,3,3,9,5.0,Suburb,Good,No,89.1
1514,4,3,18,6.7,Suburb,Poor,No,83.5
1352,3,3,8,14.9,Suburb,Excellent,Yes,100.28
1609,4,4,29,2.1,City Centre,Excellent,Yes,162.48
1688,4,4,5,13.5,Suburb,Excellent,Yes,138.96
1731,4,3,6,13.3,Suburb,Fair,No,97.82
540,2,1,4,20.1,Outskirts,Fair,Yes,21.28
693,1,1,9,9.6,Suburb,Fair,No,31.94
1417,3,2,12,12.7,Suburb,Fair,Yes,68.95
781,2,1,13,19.2,Outskirts,Good,No,31.57
1128,2,1,52,12.7,Suburb,Good,Yes,38.57
809,2,1,18,10.2,Suburb,Good,Yes,52.05
809,2,1,15,12.8,Suburb,Fair,Yes,52.49
1287,3,3,7,13.5,Suburb,Good,Yes,79.19
859,1,1,8,7.7,Suburb,Good,Yes,47.11
972,2,2,1,7.3,Suburb,Good,Yes,80.37
1797,4,4,3,28.2,Outskirts,Good,No,73.05
984,2,1,6,34.1,Outskirts,Fair,Yes,37.99
1000,2,2,9,12.4,Suburb,Excellent,No,68.14
1305,3,2,28,24.7,Outskirts,Good,No,44.64
1903,5,4,20,2.1,City Centre,Fair,No,159.29
1639,3,3,9,3.6,City Centre,Excellent,Yes,169.41
1415,3,2,7,5.6,Suburb,Excellent,No,94.48
1542,3,3,42,10.9,Suburb,Good,No,86.41
970,2,2,14,12.4,Suburb,Poor,Yes,35.99
785,2,1,15,14.9,Suburb,Fair,No,40.67
1635,3,3,7,6.6,Suburb,Good,Yes,104.28
1260,2,2,33,12.1,Suburb,Good,Yes,57.27
1947,5,4,21,11.7,Suburb,Fair,Yes,107.67
2148,5,4,7,26.6,Outskirts,Good,No,109.43
836,2,1,13,2.0,City Centre,Good,Yes,78.35
1466,3,3,11,15.5,Outskirts,Fair,Yes,60.39
1455,3,2,21,14.2,Suburb,Fair,Yes,83.16
864,2,1,0,11.0,Suburb,Good,No,33.35
1282,3,3,18,9.8,Suburb,Excellent,Yes,87.91
991,2,1,4,4.0,City Centre,Fair,No,84.89
921,2,2,16,12.9,Suburb,Fair,Yes,42.5
1614,4,4,14,11.9,Suburb,Good,Yes,103.17
1759,4,3,12,14.8,Suburb,Fair,No,91.04
1109,2,2,4,1.2,City Centre,Good,Yes,100.58
1113,2,1,16,22.4,Outskirts,Fair,No,25.17
956,2,1,11,9.4,Suburb,Fair,No,40.63
350,1,1,9,0.9,City Centre,Fair,Yes,39.98
1276,3,2,12,18.2,Outskirts,Good,No,63.41
1108,2,2,17,14.9,Suburb,Fair,Yes,60.25
380,1,1,5,1.4,City Centre,Good,Yes,45.67
1465,3,3,1,6.6,Suburb,Good,No,84.42
1981,4,4,39,11.3,Suburb,Excellent,No,113.56
1698,4,4,8,9.8,Suburb,Good,Yes,123.64
1384,3,3,1,23.0,Outskirts,Excellent,No,81.21
1369,3,2,11,6.8,Suburb,Excellent,Yes,80.26
1286,3,3,6,22.4,Outskirts,Excellent,Yes,68.23
1488,3,3,6,7.6,Suburb,Excellent,Yes,116.58
1421,3,2,7,3.1,City Centre,Poor,No,98.21
901,2,1,8,20.4,Outskirts,Fair,Yes,33.83
2181,5,4,21,33.0,Outskirts,Fair,Yes,108.06
1194,3,2,10,23.3,Outskirts,Good,No,44.52
1761,4,3,9,14.5,Suburb,Excellent,Yes,130.68
1336,2,2,13,14.2,Suburb,Good,Yes,80.0
1887,4,4,4,1.2,City Centre,Good,No,165.94
1084,2,2,60,8.0,Suburb,Good,No,31.43
1791,4,3,8,25.9,Outskirts,Good,Yes,96.67
1982,4,4,2,23.3,Outskirts,Fair,Yes,105.25
1596,4,4,24,19.6,Outskirts,Fair,No,78.01
621,1,1,12,2.9,City Centre,Fair,No,48.71
1806,4,3,27,5.3,Suburb,Good,Yes,97.39
1390,3,2,13,32.5,Outskirts,Fair,No,60.19
1667,3,2,19,1.6,City Centre,Fair,No,122.49
1065,2,2,20,2.5,City Centre,Excellent,Yes,105.33
1882,4,4,22,14.4,Suburb,Excellent,No,110.39
1083,2,1,13,8.8,Suburb,Good,Yes,70.73
1391,3,3,11,0.9,City Centre,Fair,Yes,122.77
1270,3,2,1,7.2,Suburb,Good,Yes,86.8
1409,3,3,11,25.4,Outskirts,Excellent,Yes,76.14
920,2,2,6,8.2,Suburb,Good,Yes,64.33
588,1,1,15,16.7,Outskirts,Poor,Yes,20.23
1980,4,4,12,24.3,Outskirts,Good,No,93.13
1094,2,2,28,5.8,Suburb,Fair,No,46.22
1488,3,3,9,14.6,Suburb,Good,Yes,96.85
1796,4,3,20,8.1,Suburb,Fair,Yes,99.36
1409,3,3,13,24.8,Outskirts,Fair,Yes,48.03
1182,2,1,2,14.7,Suburb,Good,Yes,88.37
1545,3,3,10,5.1,Suburb,Good,No,95.08
1598,4,3,10,11.2,Suburb,Fair,Yes,108.95
1404,4,3,6,33.9,Outskirts,Poor,Yes,65.25
1332,3,2,29,33.4,Outskirts,Fair,Yes,47.34
350,1,1,45,22.6,Outskirts,Excellent,Yes,12.0
1112,2,1,27,2.3,City Centre,Fair,Yes,73.62
375,1,1,15,4.0,City Centre,Excellent,Yes,41.02
1323,3,3,13,10.0,Suburb,Poor,Yes,66.43
1543,3,2,15,6.6,Suburb,Fair,Yes,90.45
1237,3,3,18,11.0,Suburb,Good,Yes,76.53
1030,2,1,15,4.7,City Centre,Excellent,No,86.26
594,1,1,18,18.0,Outskirts,Good,Yes,12.0
1552,4,4,23,5.6,Suburb,Good,No,103.0
854,2,1,29,7.3,Suburb,Good,No,41.26
1677,4,3,3,21.0,Outskirts,Good,Yes,88.75
1395,3,2,11,5.6,Suburb,Good,Yes,102.77
1158,2,2,12,4.6,City Centre,Good,No,107.35
1200,3,3,17,18.5,Outskirts,Good,Yes,50.73
809,1,1,13,0.6,City Centre,Good,No,69.26
1246,3,3,2,4.6,City Centre,Good,Yes,114.51
999,2,1,16,13.9,Suburb,Fair,Yes,53.13
1109,3,2,5,14.0,Suburb,Good,Yes,83.69
1087,2,1,27,11.2,Suburb,Good,No,58.04
1223,3,3,2,6.8,Suburb,Good,Yes,84.85
1160,2,1,16,5.0,Suburb,Good,Yes,74.9
1819,4,4,6,13.5,Suburb,Good,Yes,117.18
2191,5,4,7,15.3,Outskirts,Excellent,No,125.81
1750,4,3,8,3.0,City Centre,Good,Yes,149.24
1298,3,3,3,13.3,Suburb,Good,No,85.01
1018,2,2,4,6.4,Suburb,Poor,Yes,52.3
1324,3,3,39,19.5,Outskirts,Good,Yes,51.19
1175,2,2,13,7.2,Suburb,Good,Yes,81.66
1694,4,3,1,0.7,City Centre,Excellent,Yes,176.06
855,2,1,29,14.8,Suburb,Good,Yes,29.03
790,2,2,8,0.5,City Centre,Fair,Yes,67.26
800,2,2,9,1.5,City Centre,Excellent,Yes,85.0
997,2,2,26,3.6,City Centre,Good,Yes,87.56
699,1,1,6,25.6,Outskirts,Good,Yes,40.95
1010,2,2,15,7.5,Suburb,Good,No,53.67
1088,2,2,3,14.2,Suburb,Good,Yes,47.24
1357,3,2,27,11.0,Suburb,Fair,Yes,73.77
952,2,2,20,32.4,Outskirts,Fair,Yes,46.36
1285,3,2,34,16.3,Outskirts,Excellent,Yes,53.21
1629,3,3,29,11.4,Suburb,Fair,No,79.02
1133,2,1,6,2.9,City Centre,Good,No,89.59
1636,4,3,12,8.4,Suburb,Excellent,Yes,122.74
1255,3,2,14,1.0,City Centre,Fair,Yes,101.09
1416,3,3,21,2.4,City Centre,Good,Yes,131.34
1915,4,3,7,1.0,City Centre,Good,Yes,186.45
937,2,1,16,23.3,Outskirts,Excellent,Yes,55.25
881,1,1,8,11.9,Suburb,Good,No,46.06
1502,4,4,6,25.7,Outskirts,Excellent,Yes,102.05
1368,4,3,12,17.5,Outskirts,Fair,No,66.05
598,1,1,15,24.0,Outskirts,Fair,Yes,23.52
1729,4,4,11,2.6,City Centre,Good,Yes,152.08
841,2,1,11,3.8,City Centre,Excellent,No,68.53
1541,3,3,9,8.5,Suburb,Fair,Yes,102.0
2118,5,4,14,28.7,Outskirts,Excellent,No,93.07
977,2,1,7,3.7,City Centre,Good,Yes,99.82
1943,4,3,18,12.1,Suburb,Excellent,Yes,130.38
997,2,1,19,14.9,Suburb,Poor,No,35.42
1342,3,2,8,1.6,City Centre,Fair,Yes,103.09
1299,3,3,7,7.8,Suburb,Fair,Yes,76.33
1748,4,3,5,10.9,Suburb,Excellent,No,110.68
1264,3,3,18,21.2,Outskirts,Excellent,Yes,60.19
1274,3,3,3,12.6,Suburb,Good,Yes,100.8
1061,2,1,15,9.6,Suburb,Good,Yes,56.39
1353,3,2,31,7.4,Suburb,Fair,No,60.28
1771,4,3,24,0.6,City Centre,Good,No,141.77
944,2,2,19,30.3,Outskirts,Good,Yes,47.76
929,2,1,8,20.8,Outskirts,Good,No,37.44
883,2,1,17,7.7,Suburb,Fair,Yes,48.66
1433,3,2,10,30.0,Outskirts,Good,Yes,57.7
1418,3,2,12,4.9,City Centre,Good,No,111.84
617,1,1,12,2.9,City Centre,Good,Yes,42.62
775,1,1,1,12.3,Suburb,Good,No,44.5
1037,3,2,2,7.3,Suburb,Good,Yes,58.25
1447,3,3,2,13.2,Suburb,Fair,No,78.74
1100,2,2,11,27.2,Outskirts,Excellent,Yes,53.23
1336,3,2,15,6.3,Suburb,Fair,Yes,71.4
1822,4,3,13,14.6,Suburb,Fair,Yes,107.33
842,1,1,5,2.1,City Centre,Good,Yes,82.85
709,1,1,12,8.4,Suburb,Excellent,No,41.36
1071,2,1,10,10.2,Suburb,Good,Yes,66.17
1082,2,2,15,4.3,City Centre,Poor,Yes,84.86
1073,2,1,16,12.0,Suburb,Good,No,44.83
982,2,2,41,34.1,Outskirts,Good,No,15.93
1097,2,1,4,4.5,City Centre,Fair,No,97.85
974,2,2,8,33.5,Outskirts,Good,No,25.28
1526,3,2,23,10.0,Suburb,Fair,Yes,79.86
865,2,2,9,27.3,Outskirts,Good,No,27.89
1527,3,2,8,4.7,City Centre,Excellent,Yes,152.66
535,1,1,8,5.1,Suburb,Good,No,28.35
951,2,2,27,10.5,Suburb,Good,Yes,46.61
1647,4,4,4,0.7,City Centre,Good,No,139.64
1310,3,3,26,9.0,Suburb,Good,Yes,78.62
2147,5,4,29,1.5,City Centre,Poor,No,154.45
970,2,2,10,1.1,City Centre,Fair,No,84.19
959,2,2,7,8.0,Suburb,Excellent,Yes,65.9
1022,2,1,19,16.0,Outskirts,Poor,No,24.39
705,1,1,7,1.8,City Centre,Good,Yes,66.91
1301,3,3,12,34.9,Outskirts,Good,No,51.83
731,2,2,5,13.9,Suburb,Fair,Yes,47.64
1085,2,1,8,10.5,Suburb,Fair,No,67.11
1755,4,3,13,13.5,Suburb,Good,No,87.36
1448,3,2,10,2.9,City Centre,Good,Yes,117.47
927,2,1,13,3.2,City Centre,Good,Yes,70.12
1575,3,2,16,12.1,Suburb,Fair,Yes,97.8
1034,2,1,18,29.1,Outskirts,Good,No,26.79
1116,2,1,14,6.8,Suburb,Good,Yes,62.99
1244,3,2,21,23.5,Outskirts,Good,No,48.3
1790,4,3,12,4.1,City Centre,Fair,Yes,137.55
1562,3,2,4,2.4,City Centre,Good,No,143.96
2477,5,4,22,28.9,Outskirts,Fair,Yes,104.9
600,1,1,20,1.9,City Centre,Good,Yes,29.55
530,1,1,14,7.9,Suburb,Good,Yes,36.69
809,1,1,20,21.3,Outskirts,Excellent,Yes,32.55
855,2,1,11,13.9,Suburb,Excellent,Yes,61.27
1720,4,4,14,8.3,Suburb,Excellent,Yes,130.58
834,1,1,7,14.6,Suburb,Fair,Yes,37.98
2139,5,4,2,10.6,Suburb,Good,No,138.34
2273,5,4,12,5.3,Suburb,Good,Yes,154.0
1670,4,3,15,27.8,Outskirts,Fair,Yes,64.04
1945,4,4,9,29.6,Outskirts,Fair,Yes,87.81
806,2,1,10,23.1,Outskirts,Excellent,Yes,34.72
2321,5,4,9,8.0,Suburb,Good,Yes,154.59
783,2,2,4,14.4,Suburb,Good,No,45.86
1529,3,2,3,25.1,Outskirts,Excellent,Yes,88.34
1686,4,3,5,5.1,Suburb,Good,Yes,102.35
999,2,1,16,2.5,City Centre,Poor,Yes,79.63
883,2,2,35,11.4,Suburb,Excellent,Yes,52.21
1260,2,2,9,8.1,Suburb,Good,Yes,88.2
842,2,1,21,16.1,Outskirts,Fair,Yes,27.74
1023,3,3,8,6.2,Suburb,Excellent,Yes,86.99
1155,2,1,25,3.9,City Centre,Good,Yes,84.85
1616,4,3,7,5.2,Suburb,Poor,No,84.76
934,2,1,19,30.0,Outskirts,Fair,Yes,42.39
2004,5,4,9,10.0,Suburb,Good,Yes,131.88
1232,2,2,28,3.1,City Centre,Excellent,Yes,112.27
787,2,1,10,7.4,Suburb,Good,No,36.19
1018,2,1,20,22.3,Outskirts,Good,No,34.31
1437,3,2,29,13.1,Suburb,Excellent,Yes,92.19
607,1,1,39,6.6,Suburb,Good,Yes,24.26
1157,2,2,2,11.4,Suburb,Excellent,Yes,90.37
960,2,1,32,2.4,City Centre,Excellent,No,70.6
1265,2,1,20,9.4,Suburb,Excellent,Yes,77.91
1215,3,2,10,13.6,Suburb,Poor,No,54.04
1042,2,1,7,12.6,Suburb,Good,No,48.19
1359,3,3,18,2.9,City Centre,Fair,Yes,123.94
836,2,1,42,7.1,Suburb,Fair,No,12.0
1413,3,2,3,12.2,Suburb,Fair,No,57.18
961,2,2,18,3.4,City Centre,Good,Yes,83.34
1382,3,3,20,1.5,City Centre,Poor,Yes,108.53
1195,2,1,24,3.3,City Centre,Fair,Yes,80.99
1441,3,2,6,22.0,Outskirts,Good,Yes,60.87
1857,5,4,30,16.4,Outskirts,Good,No,78.63
1217,2,1,16,32.8,Outskirts,Good,Yes,42.85
1453,3,2,6,8.9,Suburb,Excellent,No,96.43
667,1,1,21,11.3,Suburb,Fair,Yes,21.45
1131,3,2,23,6.1,Suburb,Fair,No,39.2
1312,3,2,19,29.3,Outskirts,Fair,No,19.39
1074,2,1,5,4.8,City Centre,Excellent,Yes,106.48
1675,4,4,13,1.5,City Centre,Fair,Yes,142.91
1238,3,2,19,12.0,Suburb,Fair,No,57.9
2167,5,4,1,1.1,City Centre,Fair,No,178.39
991,2,2,21,20.3,Outskirts,Good,Yes,40.31
812,2,2,5,3.6,City Centre,Good,No,65.53
660,1,1,2,14.7,Suburb,Good,No,27.0
1287,3,3,15,5.7,Suburb,Good,No,76.74
1898,5,4,22,5.5,Suburb,Fair,No,105.94
888,2,2,16,28.0,Outskirts,Good,Yes,40.06
1863,4,3,5,22.5,Outskirts,Good,Yes,94.47
1199,3,2,5,1.9,City Centre,Good,Yes,106.03
1261,2,1,6,21.9,Outskirts,Good,Yes,57.91
1660,4,3,2,22.4,Outskirts,Good,Yes,75.7
1385,3,2,18,11.5,Suburb,Good,Yes,95.39
1785,4,3,5,1.9,City Centre,Good,Yes,168.97
723,2,1,24,1.5,City Centre,Poor,Yes,38.96
1812,4,4,11,13.0,Suburb,Good,Yes,120.71
1296,3,3,30,6.0,Suburb,Excellent,No,69.64
1679,4,4,18,5.6,Suburb,Poor,No,93.46
1071,3,3,9,2.1,City Centre,Excellent,No,114.32
1488,3,3,7,23.0,Outskirts,Fair,No,57.5
550,1,1,28,11.6,Suburb,Excellent,Yes,35.51
906,2,2,18,13.0,Suburb,Good,No,49.2
1394,3,2,1,3.4,City Centre,Good,Yes,132.6
1588,3,3,26,4.7,City Centre,Excellent,No,155.37
1567,3,3,12,3.0,City Centre,Excellent,No,152.05
542,1,1,4,11.8,Suburb,Good,Yes,27.43
1552,4,3,16,6.2,Suburb,Fair,Yes,86.61
1331,3,3,11,22.9,Outskirts,Good,No,71.78
1457,3,2,4,11.0,Suburb,Fair,Yes,92.06
1315,3,3,0,6.6,Suburb,Poor,Yes,76.56
1355,3,3,16,3.9,City Centre,Good,Yes,120.0
1466,3,2,3,5.1,Suburb,Good,Yes,89.28
1243,3,2,11,14.6,Suburb,Good,Yes,87.28
1797,4,3,3,1.3,City Centre,Good,Yes,172.02
1415,2,2,14,9.1,Suburb,Fair,Yes,82.86
896,1,1,22,18.2,Outskirts,Fair,Yes,22.86
2104,5,4,9,15.9,Outskirts,Excellent,Yes,129.53
1438,3,3,13,16.8,Outskirts,Good,Yes,81.56
1454,3,2,2,14.5,Suburb,Fair,No,78.59
1275,3,2,12,10.1,Suburb,Poor,No,65.87
1829,4,3,46,3.6,City Centre,Good,Yes,139.15
1193,2,1,23,29.4,Outskirts,Fair,Yes,51.58
1110,2,2,3,7.3,Suburb,Good,Yes,72.93
1838,4,3,13,6.5,Suburb,Good,Yes,131.17
1463,3,2,14,5.5,Suburb,Good,No,95.75
1157,2,2,12,13.4,Suburb,Poor,Yes,60.11
1933,4,3,21,13.7,Suburb,Good,Yes,113.61
1510,3,2,3,5.4,Suburb,Excellent,No,100.23
1635,4,4,10,3.7,City Centre,Fair,Yes,140.4
1574,4,4,4,5.5,Suburb,Good,Yes,113.8
995,2,1,14,9.7,Suburb,Fair,No,41.21
1672,4,4,19,29.3,Outskirts,Excellent,Yes,86.97
2099,5,4,2,5.8,Suburb,Fair,Yes,134.41
776,2,1,8,2.4,City Centre,Poor,Yes,59.29
930,2,1,12,29.8,Outskirts,Excellent,Yes,34.65
1475,3,2,15,4.4,City Centre,Good,Yes,132.07
1209,3,3,12,10.8,Suburb,Good,Yes,65.75
649,2,1,41,12.5,Suburb,Good,Yes,25.12
1107,2,1,1,20.4,Outskirts,Good,No,48.97
1115,2,1,6,1.0,City Centre,Good,No,106.06
1278,3,2,5,13.4,Suburb,Excellent,No,82.72
1251,3,3,59,11.8,Suburb,Excellent,No,47.08
1598,4,4,8,29.2,Outskirts,Good,No,72.66
2186,5,4,5,6.9,Suburb,Fair,Yes,123.55
1222,3,3,17,16.5,Outskirts,Good,No,49.28
1638,4,3,17,10.4,Suburb,Good,Yes,114.41
1150,2,2,13,4.9,City Centre,Good,No,95.0
1455,4,4,27,15.3,Outskirts,Fair,Yes,64.06
1413,3,3,10,34.9,Outskirts,Good,Yes,64.78
908,2,1,19,6.2,Suburb,Fair,Yes,53.26
1572,4,3,11,22.1,Outskirts,Good,Yes,63.44
995,2,2,21,3.8,City Centre,Poor,Yes,71.67
1943,4,4,7,8.6,Suburb,Good,Yes,122.68
1644,4,4,0,0.7,City Centre,Good,Yes,156.11
1235,2,1,9,1.5,City Centre,Fair,No,93.3
1771,4,3,5,10.1,Suburb,Good,Yes,110.67
1301,3,3,7,8.1,Suburb,Excellent,Yes,104.12
1300,3,2,41,14.7,Suburb,Fair,Yes,49.64
1073,2,1,3,4.0,City Centre,Good,Yes,80.67
650,1,1,2,29.9,Outskirts,Good,No,22.29
1184,2,2,9,7.2,Suburb,Fair,Yes,68.18
1330,3,2,20,1.2,City Centre,Fair,Yes,97.46
1620,3,2,3,22.8,Outskirts,Fair,Yes,77.33
1066,2,1,15,9.5,Suburb,Fair,Yes,62.92
2219,5,4,22,10.5,Suburb,Fair,Yes,111.79
769,2,1,39,1.2,City Centre,Good,Yes,46.42
1191,3,2,3,7.6,Suburb,Good,Yes,85.02
1789,4,4,29,4.0,City Centre,Good,Yes,154.73
789,2,2,7,23.2,Outskirts,Good,Yes,42.45
1272,3,2,25,14.1,Suburb,Good,No,76.09
943,2,1,16,11.1,Suburb,Poor,Yes,56.46
1422,3,2,14,2.4,City Centre,Fair,No,122.21
1402,3,2,2,6.0,Suburb,Fair,No,80.19
1353,3,2,22,8.5,Suburb,Good,Yes,75.15
963,2,2,4,20.2,Outskirts,Good,Yes,54.78
1384,3,2,23,10.2,Suburb,Good,No,79.17
1110,2,1,3,15.7,Outskirts,Excellent,Yes,52.13
1501,3,3,14,20.6,Outskirts,Good,Yes,64.33
1253,3,2,21,6.4,Suburb,Fair,No,52.7
1163,2,1,36,24.0,Outskirts,Fair,Yes,33.29
2285,5,4,7,4.7,City Centre,Good,No,190.85
1078,2,2,11,2.2,City Centre,Excellent,No,115.07
1067,2,2,6,2.7,City Centre,Poor,Yes,86.12
803,2,2,7,29.9,Outskirts,Poor,No,20.97
1572,3,3,14,31.4,Outskirts,Good,No,52.41
1280,2,2,5,5.9,Suburb,Good,Yes,76.61
1275,3,3,13,19.2,Outskirts,Good,Yes,62.43
848,2,1,27,2.6,City Centre,Poor,No,40.84
1881,4,3,13,20.2,Outskirts,Poor,Yes,71.47
924,2,2,5,13.3,Suburb,Good,Yes,58.04
1448,3,2,26,13.2,Suburb,Good,No,71.18
1194,3,3,5,9.2,Suburb,Good,Yes,71.91
1187,2,2,7,18.0,Outskirts,Good,No,34.33
1569,3,3,10,4.3,City Centre,Fair,No,141.3
1585,3,2,33,2.6,City Centre,Excellent,Yes,146.72
2078,5,4,8,8.4,Suburb,Good,Yes,145.75
923,2,2,23,7.5,Suburb,Poor,Yes,48.19
801,2,2,4,1.7,City Centre,Fair,Yes,76.77
1200,3,3,8,9.5,Suburb,Poor,Yes,73.26
994,2,1,6,24.7,Outskirts,Good,Yes,44.75
947,2,2,4,5.6,Suburb,Good,Yes,74.38
1311,3,2,19,5.0,City Centre,Good,No,107.86
1553,3,3,9,9.6,Suburb,Excellent,No,117.22
1455,4,4,8,32.9,Outskirts,Fair,No,67.42
1718,4,4,19,11.4,Suburb,Excellent,No,135.01
1338,3,2,19,7.3,Suburb,Good,Yes,74.31
1904,4,4,19,14.9,Suburb,Fair,No,117.79
1807,4,3,13,22.3,Outskirts,Good,Yes,83.79
2106,5,4,20,8.2,Suburb,Excellent,Yes,133.82
893,2,2,7,10.0,Suburb,Good,Yes,59.6
2568,5,4,14,32.7,Outskirts,Excellent,No,118.0
2246,5,4,21,0.7,City Centre,Fair,No,183.98
719,2,1,25,34.4,Outskirts,Excellent,Yes,20.42
1290,3,3,9,27.2,Outskirts,Good,Yes,78.03
1649,3,2,19,7.0,Suburb,Good,Yes,104.38
1675,4,4,4,5.3,Suburb,Fair,No,92.12
1497,3,2,9,12.1,Suburb,Good,Yes,104.47
703,2,2,20,1.0,City Centre,Good,Yes,64.96
1794,4,4,12,9.9,Suburb,Good,No,121.55
1052,2,2,21,2.7,City Centre,Fair,Yes,95.78
1346,3,2,8,12.4,Suburb,Excellent,Yes,111.78
717,2,1,17,6.7,Suburb,Good,Yes,41.38
956,2,2,11,11.0,Suburb,Good,Yes,55.02
2131,5,4,21,12.5,Suburb,Poor,No,98.4
1586,4,4,12,6.9,Suburb,Good,Yes,106.32
907,2,2,19,8.7,Suburb,Excellent,Yes,59.65
1290,3,3,14,31.2,Outskirts,Excellent,Yes,67.15
936,2,1,20,12.4,Suburb,Fair,Yes,55.3
1092,2,1,2,2.9,City Centre,Fair,No,84.29
1754,4,3,5,0.5,City Centre,Good,No,160.02
1314,3,2,5,6.2,Suburb,Excellent,Yes,102.41
871,1,1,7,7.6,Suburb,Good,Yes,52.39
1091,2,2,2,10.7,Suburb,Poor,Yes,61.55
2317,5,4,18,5.6,Suburb,Fair,Yes,138.36
994,2,2,24,6.8,Suburb,Fair,Yes,40.67
1674,4,4,2,15.0,Suburb,Good,No,116.3
1734,4,4,3,20.0,Outskirts,Fair,No,88.2
1488,3,3,13,12.3,Suburb,Excellent,No,108.27
1509,3,2,18,22.8,Outskirts,Fair,No,50.96
1473,3,3,23,9.0,Suburb,Good,Yes,90.39
1337,3,2,16,8.1,Suburb,Fair,Yes,61.38
1473,3,2,7,11.9,Suburb,Good,Yes,104.93
2336,5,4,9,0.7,City Centre,Good,Yes,221.07
1179,3,2,17,9.4,Suburb,Fair,Yes,59.05
1891,4,4,13,29.7,Outskirts,Good,Yes,88.81
1748,3,2,18,4.4,City Centre,Excellent,Yes,153.44
1506,4,3,27,1.7,City Centre,Good,Yes,121.94
1653,4,4,4,33.4,Outskirts,Poor,Yes,64.39
610,1,1,20,10.8,Suburb,Good,Yes,34.82
1500,4,4,19,20.3,Outskirts,Excellent,Yes,90.97
1368,3,3,37,12.2,Suburb,Excellent,No,78.42
1027,1,1,4,6.5,Suburb,Good,No,64.11
1675,4,4,22,7.3,Suburb,Good,Yes,111.94
857,2,2,4,3.1,City Centre,Fair,No,66.34
1245,3,2,33,32.9,Outskirts,Good,Yes,42.62
1042,2,2,1,9.8,Suburb,Fair,Yes,79.65
724,2,2,2,31.9,Outskirts,Good,Yes,43.41
1002,2,2,32,2.6,City Centre,Excellent,No,90.15
2234,5,4,10,2.7,City Centre,Fair,No,177.78
1783,4,4,19,14.8,Suburb,Excellent,No,122.7
1182,2,1,13,18.8,Outskirts,Good,Yes,62.26
1068,3,2,24,29.6,Outskirts,Good,No,30.02
1698,4,4,13,11.2,Suburb,Excellent,Yes,136.57
1041,2,2,3,14.8,Suburb,Good,Yes,75.96
1482,3,2,13,8.4,Suburb,Good,Yes,87.8
526,1,1,15,7.9,Suburb,Fair,Yes,17.91
1137,2,2,30,3.0,City Centre,Poor,Yes,76.33
1397,3,2,11,11.2,Suburb,Fair,Yes,66.34
1204,3,3,8,20.5,Outskirts,Excellent,Yes,80.93
1118,2,2,6,10.1,Suburb,Excellent,Yes,99.16
995,2,2,4,2.1,City Centre,Fair,Yes,89.38
