study_hours_per_week,attendance_pct,previous_exam_score,assignments_submitted,sleep_hours,class_mode,extracurricular,parent_education,result
18.0,86.3,75.0,9,4.0,Hybrid,No,School,Fail
13.0,65.8,71.0,7,6.9,Hybrid,No,School,Pass
11.7,68.8,58.0,9,8.6,Offline,No,School,Pass
13.8,74.6,72.0,9,6.1,Offline,Yes,Graduate,Pass
8.1,92.7,76.0,9,8.0,Hybrid,Yes,School,Pass
4.9,77.3,54.0,8,5.7,Hybrid,Yes,Postgraduate,Pass
23.1,97.4,58.0,9,7.6,Hybrid,Yes,Graduate,Pass
8.0,72.7,55.0,10,6.0,Hybrid,Yes,Graduate,Fail
7.0,83.7,90.0,9,5.0,Hybrid,Yes,Graduate,Pass
13.0,84.1,56.0,9,6.9,Offline,No,Postgraduate,Pass
13.0,72.0,59.0,10,6.7,Offline,No,Graduate,Pass
11.1,70.6,40.0,10,6.7,Offline,No,Postgraduate,Fail
11.7,100.0,90.0,7,8.0,Hybrid,Yes,School,Pass
31.9,95.3,36.0,7,6.7,Hybrid,No,School,Pass
14.0,84.2,79.0,7,6.5,Offline,No,School,Pass
9.3,70.1,71.0,9,8.2,Offline,Yes,Graduate,Pass
4.2,68.8,41.0,9,9.2,Offline,No,School,Fail
17.5,87.2,79.0,8,6.1,Offline,No,School,Pass
11.0,92.6,83.0,6,4.7,Offline,Yes,Postgraduate,Pass
14.5,97.4,78.0,7,8.0,Offline,Yes,School,Pass
21.1,52.9,56.0,8,7.5,Offline,Yes,Postgraduate,Fail
8.2,88.7,86.0,9,5.6,Hybrid,No,Graduate,Pass
21.7,78.5,72.0,6,6.0,Offline,Yes,Postgraduate,Pass
14.9,55.9,79.0,9,6.5,Offline,No,School,Pass
13.4,64.3,85.0,9,6.9,Hybrid,Yes,School,Pass
14.6,83.7,60.0,7,5.2,Offline,No,School,Fail
16.3,83.3,60.0,6,8.8,Offline,Yes,Postgraduate,Pass
8.9,83.5,60.0,5,6.9,Offline,No,School,Fail
5.6,81.4,45.0,8,5.2,Offline,No,Graduate,Fail
6.9,69.4,69.0,5,5.1,Hybrid,No,School,Fail
14.6,96.0,78.0,9,8.5,Hybrid,Yes,School,Fail
8.6,86.9,70.0,9,6.6,Offline,Yes,Graduate,Pass
11.8,99.8,68.0,9,4.2,Hybrid,No,Graduate,Pass
4.9,80.8,99.0,10,5.5,Offline,No,Postgraduate,Pass
14.4,92.2,63.0,8,8.1,Hybrid,Yes,School,Pass
6.1,95.0,46.0,7,6.6,Offline,Yes,Postgraduate,Fail
13.7,80.5,65.0,9,7.0,Hybrid,Yes,Graduate,Pass
8.4,86.9,54.0,8,4.0,Hybrid,No,Graduate,Fail
10.3,88.6,59.0,8,7.7,Offline,Yes,School,Fail
9.2,71.4,66.0,8,6.5,Offline,No,School,Fail
6.8,95.6,58.0,8,7.0,Offline,Yes,School,Fail
16.2,77.7,52.0,9,5.8,Hybrid,Yes,Postgraduate,Pass
12.8,81.1,66.0,9,7.6,Offline,No,Postgraduate,Pass
15.8,96.4,65.0,9,7.4,Offline,Yes,School,Pass
7.6,86.4,74.0,8,8.8,Offline,Yes,Graduate,Fail
11.9,78.6,61.0,9,6.7,Offline,No,School,Fail
4.8,82.5,69.0,7,6.6,Hybrid,No,Graduate,Pass
8.1,78.1,89.0,8,7.7,Hybrid,No,School,Fail
7.9,75.8,72.0,8,6.5,Offline,Yes,Graduate,Fail
6.2,66.0,60.0,9,6.3,Hybrid,Yes,Graduate,Fail
7.7,77.6,55.0,8,5.8,Offline,No,Graduate,Fail
7.7,86.5,38.0,8,5.9,Hybrid,Yes,School,Pass
14.0,89.5,92.0,7,7.7,Offline,Yes,Graduate,Fail
9.6,82.0,43.0,9,6.4,Offline,Yes,School,Fail
15.5,91.3,75.0,9,7.0,Offline,Yes,School,Pass
26.9,87.3,43.0,9,6.1,Offline,Yes,Postgraduate,Pass
13.8,87.6,79.0,8,6.1,Offline,No,Graduate,Pass
9.7,99.3,47.0,7,6.1,Hybrid,No,Postgraduate,Pass
16.7,86.3,58.0,8,6.3,Offline,Yes,School,Pass
15.4,93.2,81.0,8,6.2,Offline,No,School,Pass
11.1,77.6,61.0,5,6.3,Offline,No,School,Fail
9.6,70.4,69.0,7,6.5,Offline,Yes,School,Fail
9.7,96.2,71.0,9,7.4,Offline,No,Graduate,Pass
12.0,66.0,53.0,8,7.0,Hybrid,Yes,Postgraduate,Pass
6.1,85.5,70.0,6,7.0,Hybrid,No,Graduate,Pass
4.9,67.4,73.0,7,5.9,Hybrid,No,School,Fail
13.7,78.8,80.0,7,6.2,Hybrid,Yes,Postgraduate,Pass
7.4,96.3,97.0,9,6.5,Hybrid,No,School,Pass
32.0,89.2,58.0,7,9.0,Hybrid,No,School,Pass
17.8,73.4,87.0,9,9.7,Offline,No,School,Pass
14.9,81.1,85.0,8,5.4,Offline,Yes,School,Pass
6.0,81.2,75.0,8,6.1,Offline,Yes,School,Pass
17.4,72.0,65.0,9,5.3,Offline,No,Postgraduate,Fail
15.2,78.4,87.0,8,6.7,Offline,Yes,Graduate,Fail
6.3,77.4,62.0,8,5.7,Offline,Yes,Postgraduate,Pass
14.7,84.3,51.0,9,6.4,Offline,Yes,Graduate,Pass
17.5,80.4,53.0,8,8.0,Offline,No,School,Pass
4.0,81.5,50.0,7,6.1,Offline,Yes,Postgraduate,Fail
13.1,74.8,87.0,7,6.3,Offline,No,Postgraduate,Pass
5.5,100.0,94.0,8,7.6,Offline,No,School,Pass
13.3,64.7,65.0,9,8.9,Offline,No,Graduate,Pass
17.2,89.9,80.0,8,7.2,Hybrid,Yes,Graduate,Pass
8.2,81.0,59.0,9,8.2,Hybrid,No,Graduate,Pass
9.2,80.4,79.0,8,4.5,Offline,No,Postgraduate,Pass
10.1,95.0,60.0,9,8.5,Offline,No,School,Pass
1.6,79.6,97.0,9,8.7,Offline,No,School,Pass
10.6,74.4,29.0,7,7.6,Offline,Yes,Graduate,Fail
8.4,92.8,66.0,7,7.3,Offline,Yes,Postgraduate,Fail
10.3,94.2,75.0,6,8.3,Offline,No,Graduate,Pass
6.9,83.7,48.0,8,6.3,Offline,No,School,Fail
21.4,87.5,68.0,7,7.5,Offline,No,Graduate,Pass
9.6,67.7,58.0,9,6.3,Offline,Yes,Graduate,Fail
7.3,84.4,65.0,10,6.5,Offline,Yes,Postgraduate,Pass
5.5,88.1,67.0,7,6.1,Offline,Yes,School,Pass
4.1,93.6,51.0,8,6.1,Hybrid,No,Graduate,Pass
10.0,89.9,71.0,9,6.5,Offline,Yes,Postgraduate,Pass
11.2,100.0,66.0,8,9.5,Offline,Yes,Graduate,Pass
17.3,99.0,43.0,8,6.1,Hybrid,No,School,Pass
10.4,89.1,61.0,8,8.1,Offline,No,Graduate,Pass
16.8,80.7,41.0,7,5.9,Offline,Yes,Graduate,Pass
14.9,88.3,73.0,7,6.6,Offline,No,Postgraduate,Pass
10.4,64.8,50.0,9,7.3,Offline,No,School,Fail
8.0,80.8,69.0,8,7.8,Hybrid,Yes,Graduate,Fail
21.1,69.1,40.0,10,7.9,Hybrid,No,School,Fail
10.2,64.1,59.0,9,6.7,Hybrid,No,Postgraduate,Fail
9.2,83.9,65.0,6,8.2,Offline,Yes,School,Pass
14.6,67.7,71.0,9,4.6,Offline,No,Graduate,Fail
15.6,66.7,67.0,9,5.2,Offline,Yes,Graduate,Pass
12.7,86.2,56.0,9,5.6,Hybrid,Yes,Graduate,Fail
9.0,79.5,54.0,6,7.4,Offline,No,Postgraduate,Fail
10.8,92.4,73.0,9,7.8,Hybrid,No,Postgraduate,Pass
23.0,92.7,55.0,7,8.8,Offline,No,School,Pass
4.7,94.4,55.0,10,6.3,Offline,Yes,Graduate,Pass
16.1,67.8,51.0,9,8.8,Offline,No,Graduate,Pass
10.6,90.5,37.0,10,8.5,Offline,No,Postgraduate,Fail
10.2,100.0,61.0,7,5.0,Offline,No,Graduate,Pass
5.3,78.1,100.0,10,6.3,Offline,No,School,Pass
9.3,94.0,87.0,8,5.3,Offline,No,School,Pass
12.8,100.0,72.0,9,9.1,Offline,No,Graduate,Pass
6.5,82.2,65.0,8,7.1,Offline,Yes,School,Pass
10.6,86.0,54.0,7,6.8,Offline,Yes,Graduate,Pass
9.8,83.3,56.0,10,7.3,Offline,No,Postgraduate,Pass
9.9,85.3,90.0,8,6.4,Offline,No,School,Pass
11.1,87.9,80.0,7,8.1,Offline,No,Postgraduate,Pass
10.8,81.3,100.0,8,7.2,Hybrid,No,School,Pass
34.5,66.7,59.0,7,8.2,Offline,No,School,Pass
9.4,76.1,67.0,7,7.5,Hybrid,No,School,Pass
21.0,82.8,76.0,7,6.8,Offline,Yes,Graduate,Fail
15.1,86.9,50.0,10,5.4,Hybrid,Yes,Graduate,Pass
26.8,78.4,67.0,8,6.2,Hybrid,No,Postgraduate,Pass
9.4,85.2,66.0,9,8.4,Offline,No,Graduate,Pass
13.6,94.0,78.0,8,6.9,Offline,No,Postgraduate,Pass
9.9,85.3,56.0,9,7.3,Offline,No,Graduate,Pass
12.4,67.8,69.0,7,7.1,Hybrid,No,School,Pass
5.1,72.2,54.0,8,9.7,Offline,Yes,School,Fail
6.7,80.9,48.0,9,6.0,Offline,Yes,Graduate,Fail
8.9,72.0,37.0,7,6.5,Offline,No,Graduate,Pass
10.2,88.1,58.0,5,9.2,Offline,Yes,Postgraduate,Fail
12.5,74.3,81.0,9,7.7,Hybrid,Yes,Graduate,Pass
11.6,87.8,59.0,9,7.8,Hybrid,No,Postgraduate,Pass
1.8,81.3,69.0,10,5.8,Offline,Yes,School,Pass
4.0,78.9,66.0,6,8.7,Hybrid,No,Postgraduate,Fail
9.9,83.7,61.0,8,7.0,Offline,No,Graduate,Pass
31.8,73.8,60.0,6,6.9,Offline,No,Postgraduate,Pass
5.0,84.3,95.0,9,6.3,Hybrid,Yes,School,Fail
9.1,95.4,65.0,6,6.8,Offline,No,Graduate,Fail
22.6,72.6,86.0,7,7.1,Hybrid,Yes,School,Pass
20.3,75.1,77.0,6,7.0,Offline,No,Graduate,Pass
7.6,68.7,78.0,9,5.0,Offline,No,School,Pass
6.8,77.7,60.0,7,7.5,Hybrid,No,Postgraduate,Pass
15.4,62.7,47.0,9,6.6,Offline,No,Graduate,Fail
10.6,65.4,67.0,9,5.7,Offline,Yes,School,Fail
11.2,91.8,83.0,8,7.5,Offline,No,School,Pass
4.2,84.8,82.0,9,6.7,Offline,Yes,Graduate,Pass
11.4,72.9,50.0,5,7.3,Offline,No,School,Fail
16.8,74.1,77.0,8,7.9,Hybrid,Yes,School,Pass
10.3,80.6,75.0,9,6.0,Hybrid,No,School,Pass
11.2,81.5,61.0,9,4.9,Hybrid,No,Graduate,Pass
29.3,76.1,40.0,9,7.0,Offline,Yes,Graduate,Fail
11.8,83.2,72.0,9,8.1,Offline,No,Graduate,Pass
16.4,79.6,94.0,5,7.1,Offline,Yes,Postgraduate,Pass
11.1,88.9,70.0,8,6.5,Offline,No,Postgraduate,Pass
19.3,74.2,64.0,6,6.5,Offline,No,Postgraduate,Pass
4.6,90.7,65.0,7,7.5,Hybrid,Yes,School,Fail
5.3,73.3,53.0,8,8.3,Offline,Yes,School,Fail
12.9,69.4,52.0,9,7.3,Offline,Yes,Postgraduate,Pass
8.6,79.0,55.0,7,7.8,Offline,No,School,Pass
5.8,87.5,81.0,9,6.7,Hybrid,Yes,School,Fail
13.7,73.5,68.0,8,6.7,Offline,Yes,Graduate,Pass
14.4,87.1,92.0,7,7.2,Hybrid,No,Postgraduate,Pass
9.1,74.9,66.0,10,7.3,Offline,Yes,School,Fail
6.5,82.6,54.0,7,7.4,Offline,Yes,School,Fail
4.2,69.6,79.0,8,7.4,Hybrid,No,Graduate,Pass
7.1,72.2,49.0,10,6.3,Hybrid,No,Graduate,Pass
7.4,87.1,62.0,9,6.6,Hybrid,No,School,Pass
22.8,88.6,60.0,10,5.2,Offline,No,Postgraduate,Pass
7.5,80.7,58.0,9,7.0,Hybrid,Yes,Postgraduate,Fail
11.6,83.3,68.0,6,5.8,Hybrid,No,School,Pass
23.2,72.8,50.0,7,9.4,Offline,No,Graduate,Fail
15.5,96.5,79.0,8,6.9,Offline,Yes,School,Pass
3.8,74.3,81.0,6,6.7,Offline,Yes,Postgraduate,Fail
19.2,60.8,66.0,9,4.9,Offline,Yes,Graduate,Pass
13.5,84.0,63.0,9,4.5,Hybrid,No,Graduate,Fail
8.6,76.6,47.0,7,7.5,Hybrid,No,School,Fail
16.9,85.3,45.0,6,6.3,Offline,No,Postgraduate,Fail
8.4,67.6,63.0,9,7.6,Offline,No,Postgraduate,Fail
20.9,90.2,56.0,9,5.4,Offline,Yes,Postgraduate,Pass
7.6,89.0,77.0,8,6.2,Hybrid,Yes,Graduate,Pass
20.1,65.3,54.0,9,6.5,Offline,No,Graduate,Pass
7.4,70.5,42.0,8,7.6,Offline,No,School,Fail
20.4,88.0,75.0,8,7.4,Offline,No,Postgraduate,Pass
12.7,99.5,46.0,9,5.8,Hybrid,No,School,Fail
19.9,94.4,83.0,8,5.3,Offline,No,Graduate,Pass
13.0,80.5,48.0,10,5.6,Offline,No,Graduate,Pass
9.6,69.5,80.0,6,10.0,Hybrid,No,Postgraduate,Fail
17.2,72.4,37.0,7,6.9,Offline,No,School,Fail
11.4,85.4,73.0,8,7.2,Offline,No,School,Pass
11.0,77.8,86.0,7,7.0,Offline,No,School,Pass
10.4,83.4,69.0,8,5.4,Offline,No,School,Fail
9.6,84.3,64.0,10,8.2,Offline,No,Graduate,Fail
11.9,78.7,70.0,9,5.1,Offline,Yes,Graduate,Pass
10.7,89.2,69.0,8,6.7,Offline,No,School,Fail
3.7,68.6,69.0,9,8.7,Offline,Yes,Postgraduate,Fail
15.8,78.6,55.0,9,6.5,Hybrid,Yes,Graduate,Fail
5.1,62.2,57.0,9,8.6,Offline,No,School,Fail
17.7,76.8,67.0,8,7.0,Offline,No,Graduate,Fail
9.1,72.5,78.0,7,6.0,Offline,Yes,Graduate,Pass
25.2,82.3,49.0,6,7.6,Offline,Yes,Graduate,Pass
23.6,75.3,65.0,10,6.6,Offline,No,School,Pass
11.1,91.8,51.0,8,5.1,Hybrid,No,School,Fail
5.5,65.9,63.0,9,6.9,Offline,No,School,Fail
14.4,65.9,62.0,7,8.6,Offline,No,Graduate,Pass
15.6,74.4,65.0,9,9.7,Hybrid,Yes,School,Fail
6.0,85.3,46.0,9,5.6,Offline,Yes,Postgraduate,Fail
10.4,80.4,68.0,4,5.4,Offline,Yes,Postgraduate,Fail
14.5,53.9,65.0,9,7.3,Hybrid,No,School,Fail
27.1,99.0,66.0,9,7.5,Offline,Yes,School,Pass
6.2,81.4,98.0,7,7.3,Offline,Yes,School,Pass
7.6,99.1,66.0,7,6.7,Offline,Yes,School,Fail
4.7,81.1,27.0,9,9.1,Offline,Yes,Graduate,Fail
27.0,71.0,47.0,9,5.7,Offline,Yes,Graduate,Pass
13.3,83.0,70.0,8,5.4,Hybrid,No,Graduate,Pass
4.2,84.6,68.0,8,7.6,Offline,Yes,Graduate,Fail
11.1,90.1,48.0,8,6.0,Offline,No,Postgraduate,Pass
9.9,89.5,67.0,8,7.5,Offline,No,Graduate,Pass
11.0,75.1,66.0,9,6.6,Offline,No,Graduate,Pass
23.8,66.2,38.0,8,7.1,Offline,No,School,Fail
7.6,65.7,55.0,8,6.8,Offline,No,Graduate,Fail
9.5,82.1,62.0,6,5.5,Hybrid,No,Graduate,Fail
18.7,62.7,30.0,10,8.1,Hybrid,No,Graduate,Fail
5.6,77.9,52.0,7,8.1,Hybrid,No,School,Fail
9.6,74.0,75.0,7,6.9,Offline,Yes,Graduate,Pass
12.2,73.4,65.0,9,8.1,Offline,No,School,Pass
15.5,80.5,69.0,6,6.1,Offline,Yes,Graduate,Pass
4.9,98.6,58.0,8,6.9,Hybrid,No,Postgraduate,Fail
14.7,81.4,65.0,8,7.5,Hybrid,Yes,Graduate,Pass
8.1,86.4,55.0,7,6.2,Hybrid,Yes,Graduate,Fail
3.7,84.2,69.0,7,7.7,Offline,Yes,Graduate,Pass
8.1,72.9,70.0,10,6.4,Offline,Yes,School,Fail
8.0,92.6,76.0,6,7.0,Offline,Yes,Graduate,Pass
19.5,87.3,88.0,9,8.0,Offline,Yes,Graduate,Pass
17.6,91.3,67.0,9,6.9,Offline,No,School,Pass
3.9,76.1,65.0,8,6.6,Offline,Yes,Graduate,Fail
5.7,74.1,62.0,7,8.3,Offline,Yes,School,Pass
16.3,82.6,77.0,7,6.2,Offline,Yes,Graduate,Fail
4.8,76.6,71.0,8,7.7,Offline,Yes,Graduate,Fail
10.8,75.4,68.0,8,7.2,Offline,Yes,School,Fail
12.6,80.1,77.0,9,7.9,Hybrid,No,Graduate,Pass
9.6,79.3,49.0,6,7.1,Offline,No,Graduate,Fail
1.8,89.5,70.0,7,7.2,Offline,Yes,Postgraduate,Pass
6.2,100.0,75.0,8,5.6,Offline,No,Graduate,Pass
13.4,90.1,54.0,8,7.2,Offline,No,Graduate,Fail
18.5,90.0,63.0,7,7.4,Offline,No,Graduate,Fail
6.0,100.0,84.0,9,8.3,Offline,No,School,Pass
12.2,80.1,68.0,8,7.2,Offline,Yes,Postgraduate,Pass
14.7,71.9,60.0,8,6.1,Hybrid,No,Postgraduate,Pass
8.5,87.9,92.0,9,5.7,Offline,No,Graduate,Pass
6.2,84.5,34.0,8,5.9,Offline,Yes,School,Fail
20.0,94.9,74.0,8,5.5,Offline,Yes,School,Pass
12.8,90.3,85.0,7,7.9,Offline,No,Graduate,Pass
8.4,84.3,63.0,7,6.4,Offline,Yes,Postgraduate,Fail
15.0,81.8,59.0,5,7.2,Offline,No,School,Pass
18.7,88.6,70.0,8,8.1,Offline,No,Graduate,Pass
16.7,81.4,65.0,6,6.6,Offline,Yes,Graduate,Pass
10.1,79.3,92.0,9,7.2,Offline,Yes,School,Pass
5.8,67.2,56.0,7,7.1,Offline,No,Graduate,Fail
12.2,90.9,72.0,9,7.8,Hybrid,No,Postgraduate,Fail
13.2,85.4,53.0,9,8.1,Hybrid,No,Postgraduate,Pass
14.8,60.1,81.0,6,6.7,Hybrid,No,School,Pass
5.9,97.2,68.0,8,6.5,Offline,Yes,School,Pass
12.0,86.0,67.0,8,7.8,Offline,Yes,School,Fail
15.6,94.0,75.0,8,9.3,Hybrid,No,School,Pass
17.1,73.3,68.0,10,8.6,Hybrid,No,Graduate,Pass
10.4,94.1,73.0,9,5.9,Offline,Yes,School,Fail
10.6,89.9,100.0,5,7.7,Offline,No,School,Pass
8.9,71.6,62.0,8,6.7,Offline,No,Graduate,Pass
18.0,97.1,92.0,8,6.8,Offline,No,School,Pass
7.9,90.0,57.0,8,6.6,Offline,Yes,School,Fail
8.4,90.5,42.0,8,5.0,Offline,Yes,Graduate,Fail
15.3,96.6,62.0,8,6.7,Hybrid,No,Graduate,Pass
5.2,98.2,65.0,8,6.4,Offline,Yes,Graduate,Pass
13.3,89.4,56.0,8,7.1,Offline,Yes,School,Pass
17.6,75.7,75.0,9,6.8,Hybrid,No,Postgraduate,Pass
24.3,77.1,81.0,10,6.6,Offline,No,Graduate,Pass
7.0,85.8,83.0,7,6.9,Offline,No,Postgraduate,Pass
18.2,93.1,49.0,8,7.0,Offline,No,Postgraduate,Pass
18.2,83.6,78.0,9,8.4,Offline,Yes,School,Pass
3.2,92.6,59.0,7,7.7,Offline,No,Graduate,Fail
10.5,83.0,77.0,8,6.2,Hybrid,Yes,Postgraduate,Pass
13.7,88.3,61.0,8,7.2,Offline,No,School,Pass
8.5,73.7,73.0,9,6.6,Offline,Yes,School,Fail
8.5,86.3,68.0,8,5.4,Offline,No,Graduate,Pass
29.1,81.0,46.0,7,7.0,Offline,No,Graduate,Fail
11.5,84.9,63.0,7,6.8,Offline,No,Graduate,Fail
6.5,95.7,77.0,8,7.0,Hybrid,Yes,School,Pass
13.4,77.6,75.0,7,7.2,Hybrid,Yes,Postgraduate,Pass
3.4,69.2,80.0,8,5.8,Offline,Yes,Postgraduate,Pass
2.8,63.2,63.0,9,7.2,Hybrid,Yes,Postgraduate,Pass
10.3,89.4,67.0,7,8.5,Hybrid,No,Graduate,Pass
7.2,84.0,60.0,9,6.5,Offline,Yes,School,Pass
17.6,67.8,65.0,9,7.9,Offline,No,School,Pass
10.0,92.4,85.0,7,5.9,Hybrid,Yes,School,Fail
22.5,86.1,74.0,6,8.1,Offline,Yes,Postgraduate,Pass
9.2,80.1,62.0,8,7.2,Offline,No,Postgraduate,Pass
4.1,79.9,85.0,9,4.8,Offline,No,School,Pass
3.2,79.1,57.0,9,5.6,Offline,No,School,Fail
18.5,66.2,83.0,10,6.9,Hybrid,No,Graduate,Pass
6.4,71.2,45.0,7,4.9,Offline,No,Graduate,Pass
13.7,83.4,74.0,7,6.1,Hybrid,No,Postgraduate,Fail
26.7,95.6,58.0,6,6.6,Hybrid,Yes,Postgraduate,Pass
9.5,89.6,69.0,10,6.5,Offline,No,School,Pass
7.6,95.5,97.0,9,7.8,Offline,Yes,School,Pass
9.7,77.8,81.0,8,7.2,Hybrid,No,Graduate,Pass
13.5,64.2,44.0,8,6.2,Offline,No,School,Fail
9.6,83.8,25.0,5,6.9,Offline,Yes,Graduate,Fail
9.3,71.2,63.0,8,6.2,Offline,No,School,Pass
9.0,58.9,60.0,8,6.3,Hybrid,Yes,School,Fail
11.5,96.9,60.0,6,5.9,Offline,No,School,Fail
7.4,77.3,64.0,7,5.8,Offline,Yes,School,Pass
4.2,81.6,82.0,8,4.8,Offline,No,School,Pass
10.5,80.6,55.0,8,8.1,Offline,Yes,Postgraduate,Pass
13.1,95.8,79.0,9,5.7,Hybrid,No,School,Pass
13.4,68.0,75.0,8,6.5,Hybrid,No,Graduate,Pass
7.8,88.4,69.0,10,5.6,Offline,No,Postgraduate,Pass
20.9,65.4,68.0,7,7.3,Hybrid,Yes,School,Fail
10.4,86.3,40.0,10,8.2,Hybrid,No,Graduate,Fail
3.9,73.5,89.0,7,7.9,Hybrid,No,Graduate,Pass
16.5,66.7,38.0,7,9.0,Hybrid,No,Graduate,Fail
10.7,80.1,49.0,9,6.3,Offline,No,School,Fail
32.8,72.7,53.0,7,7.4,Hybrid,No,Postgraduate,Pass
8.1,100.0,62.0,8,7.4,Offline,Yes,School,Pass
21.2,86.1,72.0,9,5.5,Offline,Yes,School,Pass
8.6,68.8,68.0,9,7.7,Offline,No,Graduate,Pass
21.4,76.4,62.0,7,5.9,Offline,No,Postgraduate,Pass
6.1,86.8,87.0,9,7.7,Hybrid,No,Graduate,Pass
15.6,75.4,75.0,8,6.9,Offline,No,Postgraduate,Pass
6.6,78.5,75.0,10,6.7,Offline,Yes,School,Pass
40.0,97.4,41.0,7,6.7,Offline,No,Postgraduate,Pass
10.6,97.0,58.0,8,7.9,Hybrid,No,School,Pass
16.1,82.0,72.0,7,8.0,Offline,No,Graduate,Pass
8.8,86.9,58.0,9,8.7,Offline,Yes,School,Pass
9.6,83.4,65.0,8,7.9,Hybrid,No,Postgraduate,Pass
8.7,90.4,75.0,7,7.8,Hybrid,No,Graduate,Pass
21.2,72.4,70.0,7,6.2,Hybrid,Yes,School,Pass
13.0,86.8,58.0,10,7.1,Offline,No,School,Pass
8.0,77.5,48.0,5,5.6,Offline,No,Graduate,Fail
9.0,66.2,75.0,6,6.2,Offline,Yes,Postgraduate,Fail
14.8,75.3,66.0,8,7.6,Offline,No,School,Pass
10.5,97.9,69.0,7,4.0,Offline,No,Postgraduate,Pass
8.9,79.2,70.0,8,6.7,Offline,No,Graduate,Fail
15.6,95.1,65.0,7,7.6,Offline,Yes,Graduate,Pass
5.2,84.6,53.0,9,5.0,Offline,Yes,Postgraduate,Pass
14.4,89.6,44.0,8,8.5,Offline,No,Graduate,Pass
16.2,100.0,67.0,9,6.6,Hybrid,Yes,School,Pass
13.3,70.4,55.0,8,5.4,Hybrid,Yes,Graduate,Fail
10.3,75.9,72.0,7,8.8,Hybrid,No,School,Pass
13.6,81.2,71.0,8,7.1,Hybrid,Yes,Graduate,Pass
9.0,100.0,68.0,7,6.8,Hybrid,Yes,Graduate,Pass
14.4,80.5,68.0,6,5.5,Offline,Yes,Graduate,Fail
10.9,88.2,50.0,6,8.0,Offline,No,Postgraduate,Pass
13.6,62.4,68.0,9,7.3,Offline,No,Graduate,Pass
14.0,85.3,72.0,10,8.0,Offline,Yes,Graduate,Pass
3.6,84.5,70.0,8,6.5,Offline,No,School,Pass
15.9,93.8,72.0,9,6.0,Offline,No,Postgraduate,Pass
15.8,83.4,93.0,9,7.2,Offline,No,Graduate,Pass
11.5,85.8,49.0,8,7.8,Offline,No,Postgraduate,Fail
8.3,82.3,61.0,6,8.3,Hybrid,No,School,Fail
16.2,79.4,66.0,9,7.9,Hybrid,No,Graduate,Pass
6.1,67.9,100.0,6,7.7,Offline,No,Postgraduate,Pass
9.0,79.8,60.0,9,6.7,Offline,Yes,School,Fail
19.9,76.5,75.0,9,8.3,Offline,Yes,School,Pass
30.0,69.0,48.0,8,8.1,Hybrid,Yes,School,Fail
13.9,88.0,44.0,7,8.3,Offline,Yes,School,Pass
13.8,90.2,88.0,7,9.7,Offline,Yes,Graduate,Pass
14.8,89.4,57.0,10,4.7,Offline,No,School,Pass
17.1,76.0,59.0,7,6.5,Offline,Yes,School,Pass
10.7,73.7,65.0,6,8.5,Offline,Yes,Postgraduate,Pass
8.0,90.5,46.0,9,6.9,Offline,No,Postgraduate,Pass
10.3,78.9,60.0,7,6.0,Hybrid,No,School,Pass
7.7,54.8,52.0,8,5.8,Offline,No,School,Fail
5.6,73.1,58.0,7,8.1,Offline,Yes,School,Pass
23.4,83.9,58.0,9,9.2,Offline,Yes,Postgraduate,Pass
8.8,67.0,87.0,9,7.7,Offline,No,School,Pass
4.1,89.0,66.0,7,5.9,Offline,Yes,School,Pass
11.9,80.1,70.0,9,8.0,Offline,No,Graduate,Pass
12.7,64.2,97.0,9,6.8,Offline,No,School,Pass
13.8,70.6,70.0,8,7.2,Offline,No,Graduate,Fail
12.4,86.0,55.0,9,7.4,Hybrid,Yes,School,Pass
11.3,86.6,84.0,7,6.1,Hybrid,No,School,Pass
12.7,88.1,83.0,8,7.0,Offline,Yes,Graduate,Pass
10.1,86.0,59.0,8,4.9,Hybrid,Yes,Graduate,Pass
4.5,75.0,64.0,8,5.7,Hybrid,No,Graduate,Fail
7.4,87.1,72.0,10,7.1,Offline,Yes,School,Pass
10.2,73.3,68.0,6,8.8,Offline,Yes,Postgraduate,Pass
7.2,95.5,75.0,8,8.5,Offline,Yes,Graduate,Pass
9.7,71.9,67.0,5,6.7,Offline,No,Graduate,Fail
15.4,88.4,81.0,7,8.4,Hybrid,No,School,Pass
11.2,83.8,72.0,8,6.3,Offline,No,Postgraduate,Fail
2.4,81.6,65.0,7,9.4,Hybrid,Yes,Postgraduate,Fail
10.1,69.4,33.0,7,8.1,Offline,No,Graduate,Fail
9.0,91.3,40.0,10,5.2,Offline,Yes,Graduate,Fail
12.8,92.8,84.0,6,7.6,Hybrid,Yes,School,Pass
17.0,75.2,75.0,7,7.0,Offline,No,Postgraduate,Pass
19.5,79.7,64.0,7,4.7,Hybrid,No,School,Pass
6.2,82.4,52.0,9,7.0,Hybrid,No,Graduate,Fail
20.4,59.2,66.0,8,8.1,Offline,No,Postgraduate,Fail
20.0,83.8,81.0,9,4.7,Offline,Yes,School,Pass
8.6,80.4,83.0,9,8.1,Hybrid,Yes,School,Pass
3.6,72.1,60.0,7,8.9,Offline,Yes,Postgraduate,Fail
10.7,98.6,64.0,7,7.5,Hybrid,No,Postgraduate,Pass
17.3,81.8,55.0,6,6.8,Offline,Yes,School,Fail
16.0,82.9,65.0,7,7.9,Offline,No,Postgraduate,Pass
23.9,78.3,58.0,10,7.7,Offline,Yes,School,Pass
20.5,72.8,67.0,9,6.0,Offline,No,School,Pass
13.4,72.3,52.0,10,7.6,Offline,Yes,Graduate,Fail
10.0,80.8,56.0,10,7.3,Offline,No,Graduate,Pass
11.3,92.2,94.0,8,6.6,Offline,No,Postgraduate,Pass
10.3,90.0,54.0,9,5.7,Offline,Yes,School,Fail
10.2,89.3,83.0,9,7.0,Offline,Yes,Graduate,Fail
12.2,75.3,62.0,8,7.1,Offline,No,Postgraduate,Fail
21.9,100.0,49.0,5,7.0,Offline,Yes,Graduate,Pass
14.1,88.3,55.0,8,7.8,Offline,No,School,Fail
8.6,85.9,64.0,10,8.2,Offline,Yes,Postgraduate,Fail
12.0,73.3,65.0,7,8.6,Hybrid,Yes,School,Fail
26.4,74.6,72.0,8,7.4,Hybrid,No,Graduate,Pass
22.7,89.5,48.0,8,5.3,Offline,No,Graduate,Pass
8.6,88.7,36.0,8,5.7,Hybrid,Yes,School,Fail
11.3,82.7,57.0,9,8.8,Offline,No,Postgraduate,Pass
9.7,67.5,88.0,9,5.7,Offline,No,Graduate,Fail
5.2,76.5,61.0,9,8.0,Offline,No,School,Fail
13.7,90.1,39.0,5,6.1,Offline,Yes,Postgraduate,Fail
9.9,91.2,76.0,9,6.9,Offline,No,Postgraduate,Pass
3.9,80.4,78.0,9,6.2,Hybrid,No,School,Fail
10.2,73.7,58.0,8,6.7,Offline,No,Postgraduate,Fail
34.0,82.5,52.0,8,5.7,Offline,Yes,Graduate,Pass
3.2,78.8,76.0,9,8.1,Offline,No,School,Pass
22.6,95.9,67.0,8,5.5,Hybrid,Yes,School,Pass
18.0,85.4,52.0,8,7.1,Offline,No,Graduate,Pass
7.4,75.9,69.0,7,7.9,Offline,Yes,Graduate,Pass
6.8,74.9,66.0,9,5.9,Offline,Yes,School,Fail
18.9,55.0,65.0,7,8.0,Offline,No,School,Fail
5.7,72.8,64.0,9,7.1,Offline,Yes,Postgraduate,Fail
8.7,69.9,73.0,9,6.0,Offline,Yes,School,Fail
15.1,79.6,67.0,9,7.9,Offline,Yes,Postgraduate,Fail
15.7,86.5,69.0,7,6.8,Offline,Yes,School,Pass
1.7,60.1,77.0,8,7.0,Offline,Yes,School,Fail
12.5,81.9,66.0,8,7.1,Hybrid,No,Postgraduate,Pass
8.3,81.5,74.0,9,7.1,Offline,No,School,Fail
10.9,71.2,42.0,7,5.3,Offline,No,School,Fail
11.0,85.0,33.0,8,6.1,Hybrid,No,School,Fail
7.4,90.2,71.0,9,7.8,Offline,Yes,School,Fail
11.5,79.2,83.0,9,8.4,Offline,No,Graduate,Pass
6.8,77.8,43.0,9,7.1,Hybrid,No,Graduate,Fail
7.7,100.0,73.0,7,5.9,Offline,No,Postgraduate,Pass
6.4,100.0,54.0,10,7.5,Offline,No,Graduate,Pass
4.9,90.5,49.0,9,8.9,Offline,Yes,Postgraduate,Fail
9.3,82.1,75.0,7,8.7,Offline,No,School,Pass
4.0,76.2,65.0,9,8.9,Hybrid,No,School,Fail
9.5,99.9,77.0,6,6.0,Offline,No,Graduate,Pass
14.2,67.6,69.0,9,7.2,Offline,Yes,Graduate,Pass
6.6,92.7,81.0,7,6.7,Hybrid,No,Graduate,Pass
7.1,98.3,56.0,6,6.2,Offline,No,Graduate,Fail
1.7,90.6,100.0,9,6.5,Offline,No,Graduate,Pass
10.4,63.9,90.0,8,6.2,Offline,Yes,Graduate,Fail
12.0,77.8,47.0,7,7.4,Offline,No,Postgraduate,Pass
10.5,78.6,29.0,9,8.9,Hybrid,No,Graduate,Fail
6.5,67.2,74.0,9,8.1,Hybrid,Yes,Postgraduate,Pass
6.1,84.2,62.0,8,7.4,Hybrid,Yes,Graduate,Pass
15.4,76.9,77.0,9,7.4,Offline,Yes,Postgraduate,Pass
8.6,83.7,71.0,8,4.4,Offline,Yes,Graduate,Fail
9.0,91.5,64.0,7,8.3,Offline,No,School,Pass
17.7,70.1,79.0,9,6.6,Offline,No,Graduate,Pass
15.8,72.8,71.0,9,7.9,Hybrid,No,Graduate,Pass
16.7,72.0,40.0,8,7.4,Offline,Yes,Graduate,Fail
7.6,92.8,62.0,7,5.9,Offline,Yes,School,Pass
20.4,68.1,70.0,8,7.3,Offline,No,School,Pass
7.9,86.0,57.0,7,5.5,Offline,No,School,Fail
4.9,76.8,70.0,7,8.1,Hybrid,No,Graduate,Pass
9.8,77.8,49.0,8,10.0,Offline,No,School,Pass
15.7,78.0,66.0,10,7.0,Offline,Yes,School,Fail
8.4,82.7,73.0,6,8.5,Offline,No,Graduate,Pass
7.8,82.5,58.0,7,6.4,Offline,No,Postgraduate,Fail
18.9,93.8,43.0,6,7.1,Hybrid,No,Graduate,Fail
15.7,78.4,74.0,10,9.0,Offline,No,Graduate,Pass
8.9,88.8,66.0,8,5.7,Offline,No,Postgraduate,Pass
13.3,93.2,52.0,8,7.7,Hybrid,No,Graduate,Pass
10.8,67.2,54.0,8,6.9,Hybrid,No,Graduate,Fail
18.2,82.7,48.0,8,8.2,Offline,No,Postgraduate,Fail
14.8,100.0,44.0,7,8.6,Hybrid,Yes,School,Pass
16.5,85.0,73.0,9,7.2,Offline,No,School,Fail
9.2,73.8,53.0,10,7.2,Hybrid,No,School,Fail
20.6,79.2,84.0,9,7.5,Offline,Yes,Graduate,Pass
24.7,81.3,58.0,5,7.9,Hybrid,No,Postgraduate,Pass
17.0,85.9,72.0,9,6.0,Hybrid,Yes,Graduate,Pass
9.4,70.2,52.0,7,8.1,Offline,No,School,Fail
8.3,75.9,62.0,10,7.4,Offline,Yes,Graduate,Pass
14.2,81.4,74.0,10,7.0,Offline,Yes,Graduate,Pass
6.4,94.6,71.0,10,6.2,Hybrid,No,Graduate,Pass
14.9,76.4,61.0,8,9.3,Hybrid,No,Graduate,Pass
14.4,86.9,64.0,9,7.6,Offline,No,Graduate,Pass
22.1,95.3,36.0,8,8.0,Offline,No,School,Pass
6.6,61.8,90.0,8,6.1,Hybrid,Yes,Graduate,Fail
9.0,68.5,78.0,6,6.3,Offline,Yes,Graduate,Fail
16.9,76.2,56.0,6,6.7,Offline,No,School,Pass
2.1,72.0,96.0,7,7.1,Hybrid,No,School,Fail
5.7,73.0,54.0,6,6.0,Hybrid,No,Graduate,Fail
11.5,77.2,67.0,8,7.6,Offline,No,Graduate,Fail
11.8,66.1,61.0,7,6.2,Offline,Yes,Graduate,Fail
26.5,97.9,93.0,5,7.3,Hybrid,No,Graduate,Pass
17.0,91.3,68.0,10,8.7,Offline,No,Graduate,Pass
11.5,83.5,75.0,10,8.6,Offline,Yes,Graduate,Pass
21.4,56.3,74.0,8,6.4,Offline,Yes,Graduate,Pass
20.2,82.6,71.0,8,8.6,Offline,No,Graduate,Pass
19.1,94.5,81.0,9,7.9,Hybrid,Yes,Graduate,Pass
7.5,82.4,64.0,6,7.3,Offline,No,School,Fail
12.7,82.1,42.0,7,6.7,Hybrid,No,School,Fail
38.2,81.1,79.0,8,7.8,Offline,No,Graduate,Pass
19.2,68.8,100.0,9,8.0,Hybrid,No,Graduate,Pass
8.8,86.3,60.0,10,7.6,Hybrid,Yes,Graduate,Pass
8.6,70.9,67.0,9,6.3,Offline,No,Graduate,Pass
6.6,73.4,59.0,7,10.0,Hybrid,Yes,School,Fail
10.0,79.3,55.0,9,6.5,Offline,No,School,Fail
8.1,79.3,77.0,9,6.8,Offline,Yes,Postgraduate,Pass
11.5,100.0,50.0,7,8.3,Offline,Yes,School,Pass
12.4,89.0,58.0,8,8.0,Offline,Yes,School,Pass
8.8,97.2,39.0,7,6.7,Offline,Yes,Postgraduate,Fail
27.4,81.0,65.0,8,6.2,Offline,No,School,Pass
12.6,83.4,60.0,9,6.6,Hybrid,Yes,Graduate,Pass
19.7,83.6,67.0,10,7.5,Offline,Yes,School,Pass
2.4,80.0,56.0,7,7.8,Offline,No,School,Fail
15.5,85.8,66.0,10,6.3,Offline,No,Graduate,Pass
19.1,75.0,52.0,8,6.3,Offline,No,School,Fail
16.2,63.2,62.0,7,8.7,Hybrid,No,Graduate,Pass
10.8,71.9,21.0,6,7.5,Offline,Yes,School,Fail
4.8,100.0,67.0,9,7.6,Hybrid,No,School,Fail
21.1,81.8,37.0,8,6.3,Offline,No,Graduate,Fail
17.2,100.0,57.0,9,8.3,Hybrid,Yes,Graduate,Pass
10.1,93.3,70.0,8,6.4,Offline,Yes,Graduate,Pass
17.6,91.9,75.0,6,5.8,Hybrid,Yes,Graduate,Pass
8.1,80.4,58.0,6,8.1,Offline,No,School,Pass
11.0,90.5,60.0,9,7.5,Offline,No,Postgraduate,Pass
7.1,85.8,51.0,10,8.1,Offline,Yes,School,Fail
17.4,77.5,75.0,6,7.2,Offline,No,School,Pass
12.2,82.4,89.0,8,6.4,Hybrid,Yes,Graduate,Pass
8.3,71.8,62.0,8,6.7,Offline,Yes,School,Fail
15.4,100.0,75.0,6,5.2,Offline,No,Graduate,Pass
10.0,76.0,74.0,7,7.9,Offline,No,Graduate,Pass
7.8,61.6,58.0,9,6.3,Offline,No,Postgraduate,Fail
12.8,63.6,65.0,9,6.0,Hybrid,Yes,School,Fail
11.5,69.4,51.0,9,5.3,Offline,Yes,Graduate,Pass
11.0,93.1,51.0,10,7.1,Offline,Yes,Postgraduate,Pass
20.0,91.5,55.0,9,6.7,Hybrid,Yes,Postgraduate,Pass
8.9,69.4,80.0,7,7.4,Offline,No,Graduate,Pass
8.1,76.8,77.0,9,7.5,Offline,No,Postgraduate,Pass
10.4,64.6,58.0,10,7.3,Hybrid,No,Graduate,Fail
10.4,74.7,67.0,9,8.1,Hybrid,Yes,Graduate,Pass
4.2,93.2,61.0,9,5.4,Offline,Yes,School,Fail
15.4,77.7,79.0,7,5.7,Offline,No,Postgraduate,Pass
13.6,93.2,51.0,7,9.0,Offline,No,School,Pass
17.7,81.0,76.0,7,8.0,Offline,Yes,School,Pass
10.3,85.0,64.0,10,7.1,Offline,No,School,Pass
14.2,86.2,60.0,9,7.1,Hybrid,Yes,Graduate,Fail
8.2,74.5,69.0,8,9.7,Offline,No,Graduate,Pass
5.7,73.7,63.0,8,6.8,Offline,Yes,School,Fail
4.9,100.0,27.0,10,7.3,Offline,No,Graduate,Pass
7.0,85.9,65.0,8,7.6,Hybrid,Yes,Graduate,Fail
7.2,70.7,76.0,6,8.5,Offline,Yes,Graduate,Fail
3.1,81.6,75.0,6,9.1,Hybrid,Yes,Graduate,Fail
13.2,80.5,84.0,7,5.4,Offline,No,School,Pass
5.5,90.6,55.0,7,6.4,Offline,Yes,Postgraduate,Pass
2.7,74.0,60.0,7,8.7,Hybrid,No,Postgraduate,Fail
6.0,88.5,60.0,6,9.3,Offline,No,School,Fail
10.0,75.8,79.0,10,7.4,Offline,Yes,School,Pass
11.0,71.8,74.0,8,7.2,Offline,Yes,School,Pass
20.7,89.9,74.0,9,7.5,Hybrid,Yes,Postgraduate,Pass
11.1,80.8,49.0,7,7.8,Hybrid,Yes,School,Pass
10.8,60.0,47.0,5,5.1,Offline,No,School,Fail
2.8,68.0,66.0,8,5.6,Hybrid,Yes,School,Fail
13.4,84.5,66.0,8,5.1,Offline,No,School,Pass
5.4,71.2,65.0,8,7.1,Offline,No,Graduate,Fail
11.6,90.7,59.0,9,8.1,Offline,Yes,School,Pass
16.7,95.6,64.0,7,7.9,Offline,Yes,School,Pass
13.7,80.5,67.0,9,10.0,Offline,No,Graduate,Pass
19.1,100.0,66.0,8,9.5,Offline,Yes,School,Pass
7.9,81.9,58.0,6,6.3,Offline,Yes,School,Fail
6.0,73.6,79.0,9,5.5,Offline,Yes,Postgraduate,Pass
10.2,83.2,48.0,10,5.4,Hybrid,No,Postgraduate,Fail
15.8,92.2,96.0,5,5.6,Hybrid,Yes,School,Pass
3.9,77.8,87.0,10,7.2,Hybrid,No,School,Pass
5.2,75.6,70.0,8,8.4,Offline,Yes,Graduate,Pass
24.4,76.1,79.0,7,6.6,Hybrid,No,School,Pass
14.3,86.3,77.0,6,6.7,Offline,Yes,Graduate,Fail
8.1,68.5,68.0,7,5.5,Hybrid,No,School,Fail
27.0,88.6,77.0,10,7.1,Offline,No,School,Pass
19.7,90.5,76.0,7,8.3,Hybrid,Yes,School,Pass
6.6,75.1,62.0,10,7.4,Offline,No,Graduate,Fail
9.2,87.3,59.0,8,6.5,Hybrid,No,Postgraduate,Fail
22.8,83.7,49.0,10,8.0,Hybrid,Yes,School,Pass
10.7,63.5,68.0,7,6.3,Offline,No,School,Fail
10.8,83.3,48.0,9,7.2,Hybrid,Yes,Graduate,Fail
8.6,100.0,51.0,10,6.7,Offline,No,School,Pass
15.1,92.0,71.0,8,8.5,Offline,No,School,Pass
17.7,99.2,72.0,7,8.3,Hybrid,No,Postgraduate,Pass
20.8,100.0,51.0,8,7.0,Hybrid,Yes,Graduate,Pass
14.6,96.9,61.0,8,7.7,Offline,No,School,Pass
13.7,85.2,94.0,8,7.2,Hybrid,Yes,Graduate,Pass
18.7,74.9,81.0,7,5.4,Offline,Yes,Postgraduate,Pass
29.0,87.1,49.0,10,7.3,Offline,Yes,School,Pass
8.4,82.1,77.0,9,6.6,Offline,Yes,Postgraduate,Pass
6.7,71.1,65.0,9,5.1,Offline,No,School,Fail
6.7,93.7,89.0,9,7.8,Hybrid,No,School,Pass
5.2,78.0,53.0,9,7.5,Offline,Yes,Postgraduate,Fail
15.8,86.7,64.0,6,6.7,Offline,Yes,Graduate,Fail
11.2,74.9,94.0,8,7.9,Offline,Yes,School,Pass
12.8,78.1,58.0,9,8.0,Hybrid,Yes,Graduate,Pass
15.2,97.7,79.0,10,6.1,Offline,No,Graduate,Pass
14.4,82.5,52.0,8,6.4,Offline,Yes,School,Fail
7.2,85.3,54.0,8,7.1,Offline,No,School,Fail
19.3,73.4,46.0,8,7.8,Offline,No,Postgraduate,Fail
9.5,78.4,44.0,8,4.9,Offline,Yes,School,Fail
5.8,79.8,75.0,9,7.7,Hybrid,No,School,Fail
14.7,87.5,74.0,7,5.0,Offline,Yes,School,Pass
14.1,90.1,69.0,8,9.6,Offline,No,Postgraduate,Pass
15.3,100.0,68.0,7,8.4,Offline,Yes,Postgraduate,Pass
22.8,65.7,55.0,8,8.0,Offline,No,Postgraduate,Fail
8.5,92.0,56.0,7,7.1,Offline,Yes,Graduate,Pass
12.8,92.0,90.0,10,7.2,Offline,Yes,Graduate,Pass
13.1,81.1,46.0,6,7.9,Hybrid,No,School,Pass
9.5,86.9,67.0,8,6.3,Offline,Yes,Graduate,Pass
12.5,85.4,65.0,10,7.0,Offline,No,School,Fail
40.0,69.1,64.0,9,5.8,Hybrid,No,School,Pass
2.5,84.9,65.0,7,6.2,Offline,No,Graduate,Fail
14.6,84.2,56.0,9,9.3,Hybrid,Yes,Graduate,Pass
9.1,68.1,57.0,9,7.2,Offline,No,Postgraduate,Fail
21.4,89.9,45.0,7,6.5,Offline,No,Postgraduate,Pass
18.5,73.9,74.0,6,8.7,Offline,No,Postgraduate,Pass
27.9,81.3,74.0,9,7.6,Hybrid,No,Postgraduate,Pass
13.5,65.9,41.0,7,7.5,Offline,No,Graduate,Fail
10.3,83.6,53.0,8,8.6,Hybrid,No,Graduate,Pass
22.6,61.6,68.0,5,7.5,Hybrid,No,Postgraduate,Pass
6.8,83.2,51.0,7,7.0,Hybrid,Yes,Graduate,Pass
0.8,79.0,65.0,9,7.8,Offline,No,Graduate,Pass
14.6,85.6,69.0,8,7.3,Offline,Yes,Postgraduate,Fail
21.4,78.3,68.0,6,6.4,Hybrid,Yes,School,Pass
13.9,94.2,73.0,9,8.2,Hybrid,No,Postgraduate,Pass
2.6,72.9,50.0,8,8.1,Offline,No,Graduate,Fail
5.4,85.6,57.0,9,7.3,Hybrid,No,School,Fail
12.7,92.0,45.0,8,7.6,Hybrid,Yes,Postgraduate,Fail
10.8,90.6,65.0,10,8.5,Hybrid,No,School,Pass
10.8,83.9,85.0,9,7.3,Hybrid,Yes,School,Fail
7.2,85.0,67.0,7,8.1,Hybrid,Yes,School,Pass
13.4,93.3,58.0,9,7.8,Hybrid,No,School,Fail
10.6,89.0,65.0,9,8.8,Hybrid,No,School,Pass
17.9,93.3,76.0,8,5.9,Offline,Yes,Graduate,Pass
6.1,73.6,82.0,10,6.0,Offline,Yes,Postgraduate,Pass
4.7,79.9,50.0,8,7.5,Offline,Yes,School,Fail
25.3,87.4,68.0,9,8.7,Offline,Yes,Postgraduate,Pass
10.4,85.3,64.0,6,6.3,Offline,No,School,Fail
15.6,59.7,48.0,9,5.5,Hybrid,Yes,School,Fail
9.2,99.5,69.0,8,6.2,Offline,Yes,School,Pass
12.8,77.5,63.0,6,8.0,Offline,Yes,School,Pass
12.0,84.8,78.0,7,7.9,Offline,No,Postgraduate,Fail
14.4,81.3,91.0,10,7.5,Offline,Yes,School,Pass
13.1,74.2,63.0,7,6.4,Hybrid,Yes,School,Pass
17.2,91.5,67.0,9,6.6,Offline,No,School,Pass
9.9,80.0,74.0,7,5.7,Hybrid,No,Graduate,Pass
22.9,83.8,65.0,8,5.2,Offline,Yes,Graduate,Pass
9.8,85.7,69.0,7,7.9,Offline,No,Graduate,Pass
9.1,66.9,80.0,7,5.9,Hybrid,No,Postgraduate,Fail
14.1,71.7,65.0,7,5.2,Offline,Yes,Graduate,Fail
7.7,90.5,80.0,10,6.4,Hybrid,Yes,Graduate,Pass
29.8,84.4,69.0,6,5.7,Offline,Yes,School,Pass
9.4,81.6,53.0,10,7.3,Hybrid,Yes,Graduate,Fail
16.9,69.9,75.0,9,5.3,Offline,No,School,Pass
9.6,79.7,63.0,8,4.8,Offline,No,School,Pass
36.6,83.9,35.0,9,8.5,Hybrid,No,School,Pass
19.9,73.5,72.0,8,7.6,Hybrid,Yes,Postgraduate,Pass
5.4,73.4,59.0,9,5.8,Offline,Yes,School,Fail
22.1,92.5,78.0,8,8.2,Offline,No,School,Pass
14.3,100.0,74.0,7,7.6,Offline,Yes,School,Pass
20.6,85.2,69.0,6,8.6,Hybrid,No,Graduate,Pass
11.4,76.1,49.0,9,4.7,Offline,No,School,Fail
22.2,78.2,54.0,9,6.1,Offline,No,School,Pass
11.6,100.0,64.0,7,7.9,Offline,Yes,Graduate,Pass
4.1,100.0,44.0,10,6.4,Hybrid,No,Postgraduate,Fail
3.1,81.9,61.0,9,6.3,Hybrid,No,School,Pass
17.7,90.8,70.0,8,6.5,Hybrid,No,School,Pass
2.7,80.4,95.0,7,7.6,Offline,No,School,Pass
5.2,80.3,68.0,9,8.1,Offline,No,School,Pass
11.7,93.7,75.0,7,7.1,Offline,Yes,Graduate,Fail
19.4,84.9,73.0,7,8.2,Hybrid,Yes,Postgraduate,Pass
8.7,85.6,68.0,7,6.0,Offline,Yes,School,Fail
21.1,81.2,62.0,9,5.0,Offline,No,Graduate,Fail
11.6,100.0,80.0,7,5.9,Offline,No,Postgraduate,Pass
11.3,64.9,86.0,8,10.0,Offline,No,School,Pass
11.2,73.8,59.0,10,6.1,Offline,Yes,School,Fail
20.3,87.2,77.0,7,5.2,Offline,Yes,Graduate,Pass
10.6,74.1,46.0,8,5.6,Offline,Yes,Graduate,Fail
17.9,82.1,54.0,8,7.1,Hybrid,Yes,Graduate,Pass
7.4,93.7,65.0,9,7.7,Offline,Yes,Postgraduate,Fail
11.8,85.1,79.0,9,7.4,Offline,No,School,Fail
7.8,85.2,70.0,10,5.0,Offline,Yes,Graduate,Pass
8.0,92.3,78.0,9,5.6,Offline,No,Graduate,Pass
8.5,90.2,65.0,8,7.0,Offline,Yes,Postgraduate,Pass
6.7,76.8,70.0,9,6.2,Offline,No,School,Fail
10.1,75.8,61.0,7,6.4,Offline,No,Graduate,Fail
8.0,96.3,69.0,9,8.3,Offline,No,School,Pass
16.7,85.6,74.0,10,6.2,Offline,No,School,Fail
25.7,74.7,84.0,8,8.2,Offline,No,Graduate,Pass
9.4,73.3,50.0,10,6.4,Offline,No,Graduate,Pass
6.9,78.2,61.0,7,8.7,Hybrid,Yes,Graduate,Pass
14.9,83.1,68.0,9,6.5,Offline,Yes,School,Pass
16.6,94.9,74.0,9,7.9,Hybrid,Yes,School,Pass
7.6,79.1,56.0,10,7.7,Offline,No,Graduate,Pass
19.2,97.6,75.0,9,5.8,Offline,No,Postgraduate,Pass
12.7,87.0,54.0,8,5.0,Hybrid,No,School,Pass
14.9,93.3,52.0,9,6.7,Offline,Yes,Graduate,Pass
8.4,74.3,56.0,8,4.2,Offline,No,Graduate,Pass
7.7,73.1,66.0,5,7.6,Offline,No,Graduate,Fail
12.2,75.8,85.0,10,6.4,Offline,No,School,Pass
10.8,87.3,61.0,7,9.7,Offline,Yes,Postgraduate,Fail
10.8,89.1,70.0,9,7.0,Hybrid,No,Postgraduate,Pass
16.0,85.7,67.0,7,6.3,Offline,Yes,Graduate,Fail
9.9,79.9,50.0,7,7.4,Offline,No,School,Fail
9.1,56.9,79.0,9,6.4,Offline,Yes,School,Fail
6.7,81.0,66.0,10,7.0,Offline,No,School,Fail
14.7,87.8,62.0,8,9.2,Offline,Yes,Graduate,Pass
6.9,60.5,96.0,8,7.4,Hybrid,Yes,Graduate,Pass
7.8,78.3,81.0,6,6.2,Offline,No,Graduate,Pass
20.5,80.8,59.0,8,7.3,Offline,Yes,Graduate,Pass
10.5,99.1,76.0,9,6.8,Offline,No,Postgraduate,Pass
5.0,60.3,100.0,8,8.2,Hybrid,No,Graduate,Fail
5.6,72.1,61.0,8,6.6,Offline,Yes,Graduate,Fail
18.0,71.8,39.0,9,5.5,Hybrid,Yes,Postgraduate,Pass
23.2,82.8,88.0,9,7.5,Hybrid,Yes,School,Pass
15.4,73.2,49.0,9,7.1,Offline,Yes,Graduate,Pass
14.4,80.8,62.0,8,9.3,Hybrid,No,Postgraduate,Pass
1.7,80.9,45.0,7,5.4,Hybrid,No,Postgraduate,Fail
9.6,73.4,52.0,7,5.9,Hybrid,No,Graduate,Fail
16.8,100.0,65.0,8,7.0,Offline,No,School,Pass
5.1,86.2,63.0,8,6.8,Offline,Yes,Graduate,Fail
11.4,78.8,55.0,8,7.9,Offline,Yes,Graduate,Fail
16.0,70.2,51.0,9,8.0,Offline,Yes,Graduate,Fail
24.0,62.0,67.0,7,6.3,Offline,Yes,School,Fail
9.4,82.4,71.0,7,7.1,Hybrid,Yes,Postgraduate,Fail
30.0,87.8,52.0,9,5.7,Offline,No,School,Pass
21.7,69.6,47.0,8,8.0,Offline,No,Postgraduate,Fail
10.8,69.4,60.0,10,7.9,Offline,Yes,Postgraduate,Pass
6.3,83.7,81.0,8,6.9,Hybrid,No,Graduate,Pass
21.8,95.4,44.0,8,8.4,Offline,No,Postgraduate,Fail
8.8,73.4,55.0,6,9.2,Hybrid,Yes,School,Pass
19.5,75.6,68.0,9,7.2,Offline,No,Graduate,Pass
3.8,86.1,69.0,5,7.3,Hybrid,No,Graduate,Fail
23.5,97.5,53.0,7,7.5,Hybrid,Yes,Postgraduate,Pass
5.8,87.6,66.0,9,6.2,Hybrid,No,Graduate,Pass
26.2,79.0,47.0,8,6.3,Offline,Yes,Postgraduate,Fail
6.1,81.0,78.0,7,6.3,Hybrid,No,Graduate,Fail
13.6,88.6,54.0,8,7.2,Hybrid,No,Graduate,Pass
26.8,98.4,92.0,8,8.7,Hybrid,Yes,Postgraduate,Pass
9.4,76.8,81.0,8,7.8,Offline,No,Postgraduate,Fail
21.4,100.0,64.0,7,6.6,Offline,No,Postgraduate,Pass
9.0,79.9,58.0,9,5.3,Offline,No,School,Fail
13.7,65.2,66.0,7,8.6,Offline,No,School,Fail
8.7,72.4,69.0,6,7.7,Hybrid,Yes,School,Pass
4.3,62.5,65.0,6,7.8,Offline,No,School,Fail
17.9,77.2,64.0,9,7.0,Offline,No,School,Pass
16.5,75.5,87.0,6,5.8,Hybrid,No,School,Pass
5.7,81.6,100.0,9,5.6,Offline,Yes,School,Pass
10.5,74.1,73.0,7,6.9,Offline,Yes,School,Pass
6.1,71.9,67.0,10,6.2,Hybrid,Yes,Graduate,Fail
13.1,76.6,62.0,7,6.1,Offline,Yes,Graduate,Fail
12.7,95.1,70.0,6,6.0,Hybrid,Yes,Postgraduate,Pass
8.1,86.6,40.0,9,7.0,Hybrid,Yes,Postgraduate,Fail
27.3,98.8,73.0,8,4.9,Offline,No,Graduate,Pass
13.9,89.9,31.0,7,6.1,Offline,No,Graduate,Fail
12.1,62.2,76.0,8,8.6,Offline,Yes,School,Fail
4.8,73.3,51.0,8,9.5,Offline,Yes,School,Fail
10.6,89.4,91.0,7,6.8,Hybrid,Yes,Graduate,Pass
6.4,94.2,80.0,6,8.7,Offline,No,School,Fail
5.4,84.8,85.0,6,7.4,Offline,Yes,School,Pass
13.6,77.0,91.0,6,7.7,Offline,No,School,Pass
32.3,91.3,58.0,8,5.9,Offline,No,School,Pass
6.2,76.5,55.0,5,6.1,Offline,Yes,Postgraduate,Fail
34.9,79.3,66.0,7,8.2,Offline,Yes,Postgraduate,Pass
11.6,89.9,53.0,6,9.1,Offline,Yes,Graduate,Pass
4.9,78.1,47.0,9,6.0,Offline,Yes,Graduate,Fail
11.5,72.3,69.0,9,7.1,Offline,No,School,Pass
4.8,78.4,70.0,8,6.0,Hybrid,No,Postgraduate,Fail
3.4,76.3,85.0,8,9.2,Offline,No,School,Pass
15.2,90.4,73.0,7,4.9,Offline,No,Graduate,Fail
9.3,85.8,88.0,9,8.2,Hybrid,No,Graduate,Pass
9.5,86.6,71.0,8,6.3,Offline,Yes,School,Pass
10.2,85.5,48.0,9,7.5,Offline,No,Postgraduate,Fail
10.7,92.8,83.0,10,7.2,Offline,Yes,Postgraduate,Pass
11.8,77.7,67.0,7,7.3,Offline,Yes,School,Pass
7.5,88.0,62.0,7,6.3,Offline,No,Graduate,Fail
20.0,96.6,66.0,6,5.5,Offline,No,School,Pass
10.4,77.2,55.0,7,7.4,Offline,No,School,Fail
14.7,79.4,32.0,8,8.4,Offline,No,Graduate,Fail
23.2,81.9,70.0,6,6.7,Offline,No,Graduate,Pass
7.2,69.9,50.0,5,5.9,Offline,No,Postgraduate,Fail
16.1,79.6,60.0,8,7.9,Hybrid,No,Graduate,Fail
17.9,72.3,63.0,9,4.1,Hybrid,No,School,Pass
8.2,83.5,68.0,9,7.6,Offline,No,Postgraduate,Fail
13.7,71.4,76.0,10,8.8,Offline,No,Graduate,Pass
5.5,86.1,69.0,7,8.0,Offline,Yes,Postgraduate,Fail
12.2,76.3,53.0,6,5.4,Offline,No,Graduate,Fail
8.0,59.1,39.0,9,8.5,Offline,Yes,Graduate,Fail
11.2,53.9,88.0,8,6.2,Offline,No,School,Fail
12.4,84.7,65.0,9,7.0,Offline,No,School,Pass
8.8,64.6,42.0,10,10.0,Hybrid,No,Graduate,Fail
25.7,92.5,74.0,8,7.4,Hybrid,Yes,School,Pass
15.6,72.7,70.0,6,7.0,Offline,No,Graduate,Pass
19.5,86.7,80.0,5,4.1,Offline,No,Graduate,Pass
12.5,67.8,48.0,9,6.3,Offline,No,School,Pass
15.2,88.1,61.0,8,7.6,Offline,No,Graduate,Pass
11.4,71.3,61.0,8,5.1,Offline,Yes,School,Fail
8.0,98.3,52.0,6,6.2,Hybrid,No,Graduate,Fail
11.3,68.7,51.0,9,8.0,Hybrid,No,Graduate,Pass
4.3,87.9,65.0,9,7.5,Offline,Yes,School,Pass
7.7,77.6,49.0,7,7.5,Offline,No,Graduate,Fail
9.9,79.9,71.0,9,6.9,Offline,Yes,Postgraduate,Pass
6.4,87.4,60.0,7,7.8,Offline,No,Postgraduate,Pass
11.2,88.3,60.0,8,7.7,Offline,No,School,Fail
9.5,81.8,79.0,9,7.5,Offline,No,School,Fail
4.3,82.0,70.0,8,6.4,Hybrid,No,Graduate,Fail
6.7,70.2,64.0,6,6.1,Offline,Yes,Graduate,Fail
12.8,75.3,67.0,7,5.6,Offline,No,Postgraduate,Fail
3.4,87.1,44.0,8,6.2,Hybrid,No,School,Fail
3.5,82.5,75.0,7,6.4,Offline,Yes,School,Fail
6.6,87.0,62.0,9,5.2,Offline,No,School,Pass
12.6,80.5,64.0,8,6.9,Offline,Yes,Graduate,Pass
6.8,68.1,84.0,8,5.4,Hybrid,Yes,School,Pass
24.2,73.3,71.0,10,7.2,Hybrid,No,School,Pass
16.0,90.0,93.0,8,7.2,Hybrid,No,School,Pass
9.9,72.2,64.0,10,6.5,Hybrid,Yes,Postgraduate,Pass
5.3,63.8,56.0,7,4.9,Offline,No,Graduate,Fail
7.3,64.8,79.0,9,9.5,Hybrid,No,Graduate,Pass
7.9,79.3,62.0,8,7.1,Hybrid,Yes,Graduate,Pass
2.5,77.8,75.0,6,6.0,Offline,Yes,Postgraduate,Fail
18.1,60.6,52.0,9,8.4,Offline,No,School,Pass
15.7,77.4,82.0,10,6.7,Offline,Yes,School,Pass
11.7,63.9,52.0,9,7.3,Offline,No,School,Fail
13.6,89.1,75.0,8,7.4,Offline,No,School,Pass
10.9,75.7,60.0,7,7.4,Hybrid,No,School,Fail
5.2,82.1,43.0,8,8.1,Offline,No,Graduate,Pass
9.7,75.8,63.0,7,6.7,Hybrid,No,School,Fail
12.1,73.9,59.0,9,9.7,Offline,No,Graduate,Fail
7.7,85.1,69.0,7,7.1,Offline,No,School,Fail
6.7,79.9,83.0,9,7.8,Offline,No,Graduate,Fail
4.3,55.3,45.0,8,6.7,Hybrid,Yes,School,Fail
17.5,79.9,43.0,7,7.0,Hybrid,Yes,Graduate,Pass
19.0,82.0,45.0,5,8.0,Hybrid,No,School,Pass
6.8,100.0,60.0,8,5.7,Offline,Yes,School,Pass
21.1,88.4,43.0,8,7.3,Offline,No,Graduate,Pass
13.8,69.9,56.0,8,9.6,Hybrid,No,School,Pass
12.2,72.4,73.0,7,5.5,Hybrid,Yes,Graduate,Pass
6.9,96.0,62.0,8,7.9,Hybrid,Yes,School,Pass
13.6,82.1,30.0,9,8.1,Offline,No,School,Fail
4.3,88.2,70.0,7,7.8,Offline,No,Graduate,Pass
2.5,100.0,71.0,9,8.2,Hybrid,No,School,Pass
17.5,76.2,78.0,7,5.7,Offline,No,School,Pass
3.3,89.7,58.0,8,7.3,Offline,Yes,Graduate,Fail
10.6,100.0,57.0,8,8.5,Offline,Yes,Graduate,Pass
7.3,82.9,52.0,6,7.5,Hybrid,No,School,Fail
18.1,89.1,77.0,8,5.7,Hybrid,Yes,Postgraduate,Pass
9.0,74.2,72.0,8,7.4,Offline,Yes,Graduate,Pass
15.1,97.7,65.0,8,7.4,Offline,No,Graduate,Pass
9.8,84.9,63.0,8,4.3,Offline,No,School,Pass
7.6,99.1,53.0,6,7.3,Offline,Yes,Graduate,Pass
14.0,78.9,74.0,9,5.9,Offline,No,School,Fail
14.2,93.3,47.0,9,8.7,Offline,No,School,Fail
19.8,72.9,72.0,7,6.1,Offline,No,Postgraduate,Pass
5.8,100.0,62.0,5,4.5,Hybrid,Yes,Postgraduate,Pass
13.5,94.1,66.0,8,7.7,Offline,Yes,Graduate,Pass
11.0,73.3,87.0,7,5.7,Hybrid,No,Graduate,Pass
14.5,84.6,60.0,8,4.8,Offline,Yes,Graduate,Pass
8.2,65.6,84.0,8,6.2,Hybrid,No,Graduate,Pass
8.9,76.7,32.0,8,7.4,Offline,No,Postgraduate,Fail
14.8,87.9,80.0,8,7.3,Offline,No,Postgraduate,Pass
29.8,83.0,73.0,9,7.2,Offline,Yes,Graduate,Pass
4.2,72.9,36.0,9,6.1,Offline,No,Postgraduate,Fail
15.2,78.1,73.0,9,5.8,Offline,No,School,Pass
8.4,88.0,76.0,5,8.1,Offline,No,School,Pass
2.8,84.7,66.0,8,8.9,Offline,Yes,Postgraduate,Fail
18.3,62.6,68.0,10,6.2,Offline,No,Graduate,Pass
16.1,72.2,55.0,8,8.7,Hybrid,Yes,Graduate,Pass
14.1,100.0,71.0,9,5.4,Offline,No,School,Pass
8.8,79.7,68.0,8,9.6,Hybrid,Yes,Graduate,Pass
10.5,76.2,62.0,10,5.4,Offline,No,School,Fail
18.8,80.2,52.0,9,5.9,Offline,Yes,School,Pass
17.9,75.9,46.0,8,6.1,Hybrid,Yes,School,Pass
10.9,79.2,59.0,8,6.8,Hybrid,No,Graduate,Fail
6.4,71.4,68.0,8,6.3,Offline,No,Graduate,Pass
6.9,94.3,77.0,6,5.9,Offline,No,Graduate,Pass
8.6,91.4,87.0,9,7.8,Offline,Yes,School,Pass
22.5,85.1,74.0,7,5.1,Offline,Yes,School,Pass
19.1,76.9,80.0,10,6.5,Offline,Yes,School,Pass
14.9,85.6,81.0,9,7.6,Offline,No,Graduate,Pass
13.7,95.7,67.0,9,8.2,Offline,Yes,Graduate,Pass
9.1,85.3,60.0,8,6.8,Offline,Yes,Graduate,Fail
8.4,80.7,66.0,8,5.4,Hybrid,Yes,Graduate,Pass
22.5,78.0,54.0,10,7.4,Hybrid,No,School,Pass
8.5,96.0,54.0,9,5.3,Offline,Yes,School,Pass
8.0,88.6,76.0,9,8.5,Hybrid,No,Postgraduate,Pass
16.6,95.4,43.0,6,6.7,Offline,Yes,Graduate,Pass
6.8,79.6,67.0,8,7.6,Offline,No,Postgraduate,Pass
8.3,71.9,51.0,8,5.9,Offline,No,Graduate,Fail
11.8,73.4,58.0,10,7.0,Offline,Yes,Graduate,Fail
12.1,78.6,91.0,7,6.7,Hybrid,No,Graduate,Pass
12.3,96.8,47.0,9,7.3,Offline,No,Graduate,Pass
15.1,88.2,87.0,6,7.1,Offline,No,Postgraduate,Pass
13.4,100.0,51.0,8,8.5,Offline,Yes,Graduate,Pass
6.2,88.8,70.0,8,7.9,Hybrid,No,School,Fail
13.0,89.9,60.0,8,6.8,Hybrid,No,School,Pass
17.9,81.1,66.0,7,7.0,Hybrid,Yes,Postgraduate,Pass
3.9,77.2,78.0,10,8.2,Offline,Yes,Graduate,Pass
18.6,77.2,80.0,6,9.1,Offline,No,School,Pass
11.2,79.2,42.0,8,6.1,Offline,No,School,Fail
12.9,76.0,53.0,7,5.8,Offline,No,School,Fail
14.4,93.5,74.0,8,5.6,Offline,No,Graduate,Pass
20.9,80.4,83.0,7,7.7,Hybrid,Yes,School,Pass
20.5,76.7,67.0,8,6.6,Hybrid,No,Graduate,Fail
12.0,99.5,53.0,9,6.0,Hybrid,No,School,Fail
9.1,97.7,61.0,6,7.4,Offline,No,Graduate,Pass
20.0,89.3,84.0,9,8.9,Hybrid,Yes,Graduate,Pass
9.1,100.0,70.0,9,8.1,Offline,No,School,Pass
4.1,76.4,66.0,8,7.0,Offline,Yes,Postgraduate,Pass
12.3,81.0,76.0,8,6.6,Offline,No,Postgraduate,Pass
7.0,75.6,79.0,7,9.0,Offline,Yes,Graduate,Pass
4.4,100.0,65.0,6,7.5,Hybrid,No,Graduate,Pass
10.9,66.5,69.0,7,6.0,Offline,Yes,School,Pass
14.1,81.9,50.0,7,6.8,Offline,Yes,School,Fail
7.1,75.1,48.0,8,7.3,Offline,Yes,School,Fail
6.8,70.8,64.0,7,7.1,Hybrid,No,School,Fail
7.7,65.6,70.0,9,7.4,Hybrid,Yes,Postgraduate,Fail
7.3,83.6,98.0,9,8.1,Offline,No,School,Pass
7.3,94.0,46.0,10,6.6,Hybrid,No,Postgraduate,Pass
16.8,88.3,48.0,8,6.0,Hybrid,No,School,Fail
12.9,72.8,43.0,10,6.6,Offline,Yes,Postgraduate,Fail
26.4,98.2,37.0,7,6.3,Offline,Yes,Graduate,Pass
11.0,98.2,85.0,7,6.6,Offline,No,Graduate,Pass
13.1,87.9,94.0,9,5.7,Offline,No,School,Pass
19.2,86.3,63.0,6,7.3,Offline,Yes,School,Fail
10.8,76.5,57.0,9,8.0,Hybrid,No,Graduate,Fail
9.8,71.2,55.0,9,7.1,Offline,Yes,Graduate,Fail
13.9,95.8,48.0,8,7.8,Offline,Yes,Postgraduate,Pass
12.9,76.1,61.0,10,7.5,Offline,No,School,Fail
17.8,72.1,79.0,9,6.9,Offline,Yes,Postgraduate,Pass
22.9,76.7,60.0,6,6.3,Offline,Yes,Postgraduate,Pass
8.3,97.7,64.0,6,5.2,Offline,No,Graduate,Pass
13.9,76.7,79.0,7,7.1,Offline,No,School,Pass
3.9,80.0,51.0,10,5.7,Offline,Yes,Graduate,Pass
5.5,69.4,73.0,9,5.5,Hybrid,Yes,School,Fail
21.1,75.5,36.0,6,6.4,Hybrid,No,Graduate,Fail
10.5,76.0,57.0,7,7.5,Offline,No,Graduate,Fail
6.0,90.1,40.0,9,4.9,Offline,No,Graduate,Pass
18.5,85.8,71.0,8,7.0,Offline,Yes,School,Pass
11.5,90.4,48.0,7,6.6,Offline,Yes,Postgraduate,Pass
16.1,91.3,67.0,8,8.1,Hybrid,No,Graduate,Pass
11.4,71.2,50.0,8,7.2,Hybrid,Yes,School,Fail
6.4,63.9,73.0,8,6.9,Offline,Yes,Graduate,Pass
7.1,65.4,58.0,8,8.0,Hybrid,No,Postgraduate,Pass
8.7,65.5,85.0,10,6.3,Offline,No,School,Fail
40.0,75.6,97.0,7,6.4,Offline,Yes,Postgraduate,Pass
12.7,99.8,64.0,9,6.8,Hybrid,Yes,School,Pass
4.8,75.0,50.0,7,5.8,Offline,Yes,Graduate,Fail
22.1,69.2,78.0,8,7.4,Hybrid,No,School,Fail
13.1,84.1,64.0,9,6.6,Offline,Yes,Graduate,Pass
12.2,86.7,63.0,6,7.6,Hybrid,No,School,Pass
9.9,77.2,74.0,9,7.3,Hybrid,No,Graduate,Fail
33.7,79.1,78.0,9,8.0,Hybrid,Yes,Graduate,Pass
2.6,83.6,62.0,8,6.1,Hybrid,Yes,Graduate,Pass
7.6,84.2,51.0,7,6.3,Hybrid,No,Postgraduate,Pass
11.4,81.4,70.0,7,5.5,Offline,Yes,Postgraduate,Pass
12.0,87.0,63.0,9,8.7,Hybrid,Yes,Graduate,Fail
10.0,79.0,55.0,10,7.0,Offline,No,Graduate,Pass
10.8,97.0,69.0,10,9.0,Offline,No,School,Pass
8.5,96.8,33.0,7,6.6,Offline,No,Graduate,Pass
11.6,94.6,39.0,10,6.8,Offline,Yes,School,Fail
4.5,82.3,51.0,9,7.2,Offline,Yes,Postgraduate,Pass
2.9,86.5,73.0,8,7.7,Offline,Yes,School,Fail
15.0,85.0,64.0,7,7.0,Offline,Yes,School,Pass
14.7,78.8,58.0,8,8.2,Hybrid,No,Graduate,Pass
3.6,93.4,81.0,10,7.7,Offline,Yes,Graduate,Pass
16.6,95.1,52.0,6,5.7,Offline,No,Graduate,Pass
15.3,85.2,79.0,9,5.2,Offline,Yes,Graduate,Pass
16.0,76.0,56.0,9,7.3,Offline,Yes,School,Pass
6.1,84.2,65.0,8,5.9,Offline,No,Graduate,Pass
7.1,64.4,37.0,8,6.0,Offline,No,Graduate,Fail
8.3,74.1,45.0,5,9.1,Offline,No,Graduate,Pass
12.2,85.6,75.0,7,5.9,Offline,No,School,Pass
10.7,75.7,67.0,10,8.0,Offline,Yes,Graduate,Pass
12.1,69.8,59.0,7,4.3,Offline,Yes,Graduate,Fail
5.7,84.9,59.0,9,6.3,Offline,Yes,School,Fail
9.1,80.6,64.0,8,7.0,Offline,Yes,School,Pass
15.4,91.2,96.0,10,8.3,Hybrid,No,School,Pass
8.2,81.8,68.0,9,9.1,Hybrid,Yes,Graduate,Pass
6.0,93.1,84.0,8,8.1,Hybrid,Yes,Postgraduate,Pass
3.9,81.3,76.0,9,5.5,Offline,No,Graduate,Pass
10.3,91.3,69.0,9,8.0,Offline,Yes,Graduate,Pass
11.2,78.8,87.0,8,6.8,Offline,Yes,School,Fail
6.4,97.1,49.0,9,5.4,Hybrid,Yes,School,Pass
6.3,70.6,70.0,7,7.1,Offline,Yes,Postgraduate,Pass
8.1,74.9,51.0,8,8.4,Hybrid,No,School,Fail
25.1,82.8,46.0,7,5.5,Offline,No,Postgraduate,Pass
8.3,75.5,59.0,10,6.3,Offline,Yes,School,Pass
19.9,88.4,42.0,7,6.4,Hybrid,No,Graduate,Pass
11.6,100.0,58.0,5,7.0,Offline,No,School,Pass
18.9,94.6,73.0,8,6.3,Hybrid,No,School,Pass
18.2,95.6,68.0,6,5.5,Offline,Yes,Graduate,Pass
20.7,70.3,70.0,6,7.3,Offline,No,Graduate,Fail
10.0,76.5,54.0,10,7.7,Offline,No,Graduate,Fail
6.1,78.4,58.0,8,5.4,Hybrid,Yes,Graduate,Pass
2.2,85.0,71.0,9,6.4,Offline,No,Graduate,Pass
2.2,99.9,82.0,8,7.3,Offline,No,Graduate,Pass
8.9,100.0,85.0,8,7.2,Offline,Yes,Graduate,Pass
17.0,84.6,57.0,7,6.2,Offline,No,Graduate,Fail
6.9,75.1,49.0,8,6.3,Offline,Yes,School,Fail
11.3,77.0,53.0,9,7.4,Offline,Yes,Graduate,Pass
22.6,80.9,63.0,6,8.7,Offline,Yes,School,Pass
6.0,97.8,61.0,9,8.9,Offline,No,School,Pass
20.6,69.1,73.0,8,7.2,Offline,No,Graduate,Pass
18.9,67.6,62.0,7,7.5,Offline,No,School,Pass
3.3,96.6,70.0,7,6.9,Offline,Yes,School,Pass
16.0,73.9,49.0,8,8.0,Hybrid,Yes,Postgraduate,Fail
7.3,91.6,56.0,8,6.3,Hybrid,Yes,School,Fail
14.1,94.2,90.0,9,6.9,Offline,Yes,Graduate,Pass
9.4,80.4,47.0,8,9.0,Offline,No,Graduate,Fail
8.9,87.3,72.0,8,6.3,Offline,No,School,Pass
13.1,74.8,70.0,9,7.5,Offline,Yes,Graduate,Fail
30.6,66.4,74.0,8,6.2,Hybrid,Yes,Postgraduate,Pass
14.9,76.1,89.0,7,8.5,Offline,Yes,Postgraduate,Pass
11.3,73.8,28.0,8,7.7,Offline,Yes,School,Fail
13.4,81.1,47.0,9,8.4,Hybrid,Yes,Graduate,Pass
11.7,94.2,68.0,8,8.1,Hybrid,No,School,Pass
17.7,69.5,52.0,6,7.2,Offline,No,Postgraduate,Fail
7.7,83.6,69.0,7,5.8,Offline,No,School,Fail
15.8,85.5,49.0,9,9.6,Offline,No,Graduate,Pass
19.1,97.4,71.0,8,7.6,Offline,Yes,School,Pass
10.9,79.4,66.0,9,6.1,Hybrid,No,Graduate,Fail
1.4,70.3,59.0,9,7.0,Hybrid,Yes,Postgraduate,Fail
17.1,81.7,73.0,9,6.9,Offline,Yes,Postgraduate,Pass
10.0,61.1,71.0,7,8.0,Offline,Yes,Graduate,Pass
10.2,82.8,69.0,6,7.7,Offline,Yes,Graduate,Fail
6.8,81.1,90.0,6,7.1,Hybrid,No,School,Pass
14.9,80.1,74.0,8,6.1,Offline,No,Graduate,Pass
9.1,84.3,81.0,8,7.8,Offline,No,Graduate,Pass
3.8,68.6,79.0,9,5.5,Hybrid,Yes,Postgraduate,Fail
2.8,90.0,100.0,9,6.6,Offline,No,Graduate,Pass
10.6,80.2,52.0,8,6.3,Hybrid,No,Graduate,Fail
17.0,92.8,56.0,7,5.7,Hybrid,Yes,Postgraduate,Pass
3.2,88.0,62.0,8,6.6,Offline,Yes,School,Pass
16.2,81.7,60.0,9,6.0,Offline,Yes,School,Pass
15.5,83.3,56.0,7,7.9,Offline,No,School,Fail
17.6,77.1,73.0,9,6.4,Hybrid,No,Postgraduate,Pass
14.2,76.8,55.0,9,5.6,Hybrid,Yes,Graduate,Pass
17.9,69.7,51.0,8,7.2,Offline,Yes,Postgraduate,Pass
10.4,74.2,85.0,9,5.6,Offline,No,Graduate,Pass
12.2,61.1,58.0,9,8.2,Offline,Yes,School,Fail
9.8,91.8,68.0,9,7.5,Offline,Yes,School,Pass
34.1,87.1,76.0,8,6.5,Offline,Yes,Graduate,Pass
12.7,80.1,75.0,7,7.6,Offline,No,School,Fail
21.5,72.1,62.0,7,6.2,Offline,No,School,Pass
13.4,83.4,36.0,7,7.8,Offline,No,Postgraduate,Fail
16.5,82.9,56.0,8,8.4,Hybrid,Yes,Postgraduate,Fail
7.7,86.5,80.0,7,6.7,Offline,Yes,Postgraduate,Pass
13.0,86.0,59.0,7,8.2,Offline,No,School,Fail
16.2,82.9,65.0,7,5.9,Offline,Yes,School,Pass
21.4,96.1,57.0,8,6.5,Offline,Yes,Graduate,Fail
11.7,87.0,72.0,7,7.9,Offline,Yes,School,Pass
7.0,82.3,44.0,8,5.8,Hybrid,Yes,Postgraduate,Fail
14.1,80.5,74.0,5,7.5,Hybrid,Yes,Postgraduate,Pass
16.5,78.3,32.0,10,7.5,Offline,Yes,Graduate,Fail
5.9,77.7,87.0,9,8.6,Offline,No,Graduate,Pass
9.0,95.3,92.0,8,6.6,Offline,Yes,Postgraduate,Pass
16.9,90.7,44.0,10,7.6,Offline,No,School,Pass
8.1,70.7,62.0,7,5.8,Hybrid,No,Graduate,Fail
5.5,75.4,77.0,8,7.9,Hybrid,No,School,Fail
31.3,68.6,51.0,9,7.0,Offline,No,School,Pass
16.4,63.5,57.0,6,5.7,Hybrid,No,School,Fail
8.1,78.9,69.0,7,6.6,Offline,No,Graduate,Pass
10.8,76.2,63.0,8,7.5,Offline,No,Graduate,Pass
17.2,79.9,75.0,7,6.6,Offline,Yes,School,Pass
16.0,89.0,59.0,6,6.0,Offline,No,School,Pass
13.2,83.7,62.0,8,7.9,Offline,No,School,Fail
6.8,97.1,64.0,9,8.5,Offline,No,Graduate,Pass
7.3,91.8,89.0,9,5.7,Hybrid,No,School,Pass
14.7,79.7,80.0,7,9.4,Hybrid,No,School,Pass
11.9,79.8,64.0,9,7.5,Offline,No,School,Fail
16.8,72.0,100.0,9,7.4,Offline,No,School,Pass
6.9,90.1,50.0,9,5.2,Hybrid,No,School,Fail
24.0,68.3,53.0,8,6.8,Hybrid,Yes,Graduate,Pass
6.2,82.2,76.0,7,6.0,Offline,Yes,Graduate,Fail
4.0,82.1,51.0,9,6.6,Hybrid,No,School,Fail
11.7,86.7,48.0,6,6.3,Offline,No,Postgraduate,Pass
6.6,66.2,74.0,7,7.2,Hybrid,No,Postgraduate,Pass
13.5,65.3,83.0,8,8.4,Offline,No,Postgraduate,Pass
28.5,67.8,66.0,7,6.6,Offline,No,School,Pass
7.8,67.0,100.0,9,7.5,Offline,Yes,Graduate,Pass
7.8,84.7,68.0,5,6.3,Offline,Yes,Graduate,Fail
9.7,70.2,61.0,7,7.9,Offline,No,School,Fail
15.0,68.3,63.0,9,6.8,Offline,Yes,School,Fail
12.2,75.4,66.0,10,7.0,Offline,No,School,Pass
5.3,83.6,78.0,6,6.1,Offline,No,Graduate,Fail
30.8,96.8,78.0,8,6.3,Offline,Yes,School,Pass
14.2,84.7,40.0,10,5.0,Offline,Yes,Graduate,Fail
13.3,74.9,68.0,9,8.7,Hybrid,Yes,School,Pass
3.7,72.1,64.0,9,6.6,Offline,No,Graduate,Pass
15.3,100.0,39.0,8,7.3,Hybrid,Yes,Postgraduate,Fail
11.3,65.7,74.0,9,8.0,Offline,No,Graduate,Pass
12.8,74.3,43.0,9,5.4,Hybrid,Yes,Graduate,Fail
16.4,96.5,81.0,9,5.2,Offline,Yes,Postgraduate,Pass
14.5,84.6,70.0,9,7.1,Offline,No,School,Fail
19.8,84.2,79.0,8,6.7,Offline,Yes,School,Pass
11.8,95.1,62.0,10,8.5,Offline,No,Postgraduate,Pass
15.2,86.4,65.0,8,6.5,Offline,Yes,Graduate,Pass
12.0,72.4,66.0,7,5.0,Offline,Yes,School,Fail
11.7,90.5,55.0,9,7.5,Offline,Yes,School,Fail
7.7,85.2,62.0,9,8.2,Offline,Yes,School,Pass
11.1,76.1,57.0,8,4.1,Offline,Yes,School,Fail
8.3,84.8,80.0,10,7.8,Offline,Yes,School,Pass
8.3,70.6,84.0,9,7.2,Hybrid,No,Postgraduate,Fail
22.3,88.7,63.0,8,7.4,Offline,No,School,Pass
3.4,68.0,50.0,8,6.5,Hybrid,No,School,Fail
5.5,90.2,85.0,7,6.5,Hybrid,No,Graduate,Pass
9.5,88.4,61.0,7,6.8,Hybrid,No,School,Pass
30.0,68.3,61.0,8,6.1,Hybrid,Yes,School,Pass
15.4,94.5,59.0,7,8.7,Hybrid,Yes,Graduate,Pass
27.5,80.1,66.0,8,7.9,Offline,Yes,Graduate,Pass
7.1,85.2,74.0,9,7.2,Offline,No,Graduate,Pass
12.7,93.6,59.0,9,6.0,Hybrid,No,Graduate,Pass
17.2,66.5,82.0,9,6.3,Offline,No,Graduate,Pass
15.9,59.5,26.0,9,7.3,Hybrid,Yes,Postgraduate,Fail
6.0,81.5,84.0,9,4.6,Hybrid,Yes,Postgraduate,Pass
4.9,71.6,60.0,7,8.7,Offline,Yes,Graduate,Fail
7.5,75.6,61.0,9,5.5,Hybrid,Yes,School,Fail
14.5,89.3,65.0,8,6.5,Offline,No,School,Pass
12.9,58.4,64.0,9,4.9,Offline,Yes,Graduate,Fail
8.1,75.9,66.0,7,7.8,Offline,Yes,Graduate,Fail
17.6,83.7,63.0,9,8.2,Offline,No,Graduate,Pass
12.0,100.0,66.0,6,6.6,Offline,No,Graduate,Pass
10.1,89.4,81.0,8,8.3,Offline,No,Postgraduate,Pass
15.4,87.8,57.0,8,6.9,Offline,No,Graduate,Pass
4.1,82.7,57.0,7,8.7,Offline,Yes,Graduate,Fail
13.4,89.4,75.0,10,7.6,Offline,No,School,Pass
11.2,69.8,75.0,8,9.7,Offline,Yes,Graduate,Fail
10.3,96.3,96.0,6,6.1,Offline,Yes,School,Pass
29.3,88.2,58.0,7,5.7,Offline,No,School,Pass
13.3,86.9,68.0,8,7.5,Hybrid,No,Postgraduate,Pass
6.5,100.0,92.0,8,7.5,Hybrid,Yes,Postgraduate,Pass
14.9,100.0,89.0,7,7.9,Hybrid,No,School,Pass
16.5,77.7,59.0,9,7.9,Hybrid,Yes,Postgraduate,Fail
12.1,72.9,48.0,9,6.5,Offline,Yes,School,Fail
27.3,84.2,66.0,10,7.5,Offline,No,Graduate,Pass
14.8,60.6,71.0,9,7.4,Offline,Yes,School,Fail
6.3,81.6,61.0,8,6.3,Offline,No,Postgraduate,Pass
14.4,77.2,33.0,8,6.8,Offline,No,School,Fail
10.1,80.8,81.0,8,7.8,Offline,Yes,School,Pass
15.9,90.8,69.0,7,6.3,Offline,No,Graduate,Fail
10.5,94.0,45.0,8,4.5,Offline,No,School,Fail
8.5,96.4,60.0,10,7.4,Offline,No,Graduate,Pass
10.5,74.9,65.0,7,5.9,Hybrid,No,Graduate,Pass
10.2,86.5,54.0,9,7.4,Offline,No,Postgraduate,Pass
14.6,70.6,77.0,10,4.6,Hybrid,No,Postgraduate,Pass
21.2,91.1,73.0,6,8.1,Hybrid,No,Graduate,Pass
8.8,76.5,63.0,9,8.1,Hybrid,Yes,School,Fail
9.4,84.2,74.0,5,4.0,Hybrid,No,Postgraduate,Pass
7.4,81.7,99.0,8,5.9,Offline,Yes,School,Pass
8.8,91.7,63.0,8,7.3,Hybrid,Yes,Postgraduate,Pass
11.8,81.3,59.0,7,6.5,Offline,Yes,Graduate,Fail
12.3,99.0,87.0,9,6.4,Offline,Yes,Postgraduate,Pass
8.5,92.3,72.0,7,6.2,Offline,Yes,School,Pass
3.2,92.8,45.0,9,6.0,Hybrid,No,School,Fail
9.7,90.7,60.0,9,7.0,Offline,No,Graduate,Fail
14.7,88.2,65.0,8,6.1,Hybrid,Yes,Graduate,Pass
7.3,75.6,57.0,8,5.3,Offline,No,Graduate,Pass
11.7,98.7,55.0,9,4.5,Hybrid,Yes,Graduate,Fail
8.7,88.5,69.0,8,8.0,Offline,No,Graduate,Pass
26.2,64.0,36.0,9,6.4,Offline,Yes,Graduate,Fail
4.9,82.8,66.0,9,7.5,Offline,Yes,Graduate,Fail
21.7,66.7,65.0,8,7.1,Hybrid,Yes,School,Fail
16.5,72.1,70.0,10,8.5,Hybrid,No,School,Pass
4.8,74.0,75.0,8,9.1,Offline,No,Postgraduate,Pass
15.5,79.7,55.0,8,6.7,Hybrid,No,Graduate,Pass
6.8,79.2,71.0,8,5.3,Offline,No,Graduate,Pass
15.1,97.7,59.0,8,6.0,Hybrid,Yes,Graduate,Pass
8.0,90.8,68.0,8,6.2,Offline,Yes,School,Pass
9.4,76.5,80.0,8,7.2,Offline,No,School,Pass
30.3,81.8,56.0,8,7.1,Offline,Yes,Graduate,Pass
10.2,83.5,64.0,9,6.5,Offline,Yes,Graduate,Pass
14.2,87.1,78.0,9,6.3,Offline,No,Postgraduate,Fail
9.2,84.2,61.0,6,7.2,Offline,No,School,Fail
16.3,65.2,81.0,8,6.0,Offline,No,School,Fail
10.0,79.8,39.0,8,5.8,Offline,Yes,School,Fail
11.6,84.4,50.0,9,7.1,Offline,Yes,Graduate,Fail
15.7,65.8,55.0,10,6.0,Offline,Yes,School,Fail
10.4,83.1,66.0,8,6.1,Offline,Yes,School,Pass
11.0,86.3,69.0,9,5.4,Offline,No,Graduate,Pass
5.2,92.5,63.0,7,8.6,Offline,No,Postgraduate,Pass
7.6,82.3,48.0,6,7.1,Offline,No,School,Fail
4.7,89.2,75.0,7,6.6,Hybrid,Yes,School,Pass
4.1,91.9,74.0,8,7.2,Hybrid,Yes,School,Fail
20.1,73.7,61.0,7,6.5,Hybrid,Yes,Graduate,Pass
14.9,77.8,52.0,6,7.8,Hybrid,No,Postgraduate,Fail
4.6,98.0,88.0,8,6.6,Hybrid,Yes,School,Pass
8.6,83.3,51.0,7,5.6,Offline,No,School,Fail
11.6,68.0,66.0,9,7.5,Hybrid,No,Graduate,Pass
16.3,88.1,73.0,6,6.4,Offline,Yes,Graduate,Pass
13.6,68.7,72.0,8,9.1,Hybrid,No,Graduate,Fail
8.4,75.0,60.0,8,5.4,Hybrid,Yes,School,Fail
16.0,86.6,84.0,10,5.8,Hybrid,No,Postgraduate,Pass
19.4,79.2,68.0,6,6.5,Offline,Yes,Graduate,Fail
15.1,86.0,75.0,9,7.2,Offline,No,Graduate,Pass
6.9,69.0,64.0,8,5.7,Offline,No,Graduate,Fail
9.3,70.2,93.0,6,7.9,Offline,No,Postgraduate,Pass
18.3,80.4,75.0,10,7.7,Offline,No,Graduate,Pass
2.8,100.0,49.0,8,5.9,Offline,No,School,Fail
3.8,91.1,47.0,8,7.7,Hybrid,Yes,School,Fail
9.0,90.8,88.0,8,6.3,Offline,Yes,Postgraduate,Pass
23.2,76.2,59.0,9,6.6,Offline,No,School,Pass
17.3,100.0,68.0,9,6.5,Offline,No,School,Pass
5.0,78.6,52.0,7,6.6,Offline,No,School,Fail
3.7,96.0,67.0,9,6.6,Hybrid,Yes,School,Pass
20.4,54.3,45.0,9,7.1,Offline,Yes,Graduate,Fail
18.3,76.0,89.0,9,6.4,Offline,No,Graduate,Pass
13.6,79.5,83.0,9,8.5,Hybrid,No,Graduate,Fail
18.7,82.3,64.0,8,7.2,Hybrid,No,School,Pass
11.6,84.6,62.0,7,7.2,Offline,Yes,Postgraduate,Pass
16.8,93.7,52.0,8,7.7,Offline,Yes,Graduate,Pass
9.4,67.4,65.0,9,7.7,Offline,Yes,Graduate,Fail
13.5,84.8,43.0,8,8.6,Hybrid,No,Graduate,Fail
15.8,80.3,69.0,6,6.1,Hybrid,No,School,Pass
6.3,72.8,62.0,8,6.3,Hybrid,Yes,Graduate,Fail
11.6,81.9,78.0,9,6.4,Offline,No,Graduate,Pass
5.9,83.4,81.0,9,8.5,Offline,No,Graduate,Pass
3.6,84.5,60.0,8,5.9,Offline,No,Postgraduate,Pass
11.9,91.7,74.0,8,6.8,Hybrid,No,Graduate,Pass
15.0,77.4,62.0,10,5.2,Offline,No,School,Pass
8.1,83.1,55.0,8,8.5,Offline,No,Graduate,Pass
13.3,78.6,58.0,7,8.9,Hybrid,No,Postgraduate,Fail
8.4,81.2,88.0,8,5.5,Offline,Yes,School,Pass
9.3,94.3,71.0,8,6.1,Offline,Yes,School,Pass
6.7,92.7,87.0,10,6.1,Hybrid,Yes,School,Pass
8.0,65.6,74.0,7,7.1,Offline,Yes,Graduate,Fail
3.6,78.7,42.0,7,8.9,Hybrid,Yes,Graduate,Fail
36.5,80.8,35.0,8,5.9,Offline,Yes,School,Pass
13.1,64.8,86.0,7,6.6,Offline,Yes,Postgraduate,Pass
10.3,68.0,55.0,10,5.5,Hybrid,No,Graduate,Fail
9.5,72.6,73.0,6,8.0,Hybrid,No,Postgraduate,Fail
14.8,89.6,48.0,9,6.1,Offline,No,School,Pass
6.6,74.6,75.0,8,5.1,Hybrid,No,School,Pass
9.5,82.8,51.0,8,5.3,Offline,No,School,Fail
17.4,86.3,83.0,8,6.3,Hybrid,Yes,School,Pass
9.6,89.5,67.0,5,7.0,Offline,No,School,Fail
9.3,86.5,60.0,9,7.0,Offline,Yes,Graduate,Pass
14.8,77.9,70.0,8,6.9,Offline,Yes,School,Pass
6.2,84.1,59.0,6,8.0,Offline,No,Postgraduate,Fail
10.8,87.8,51.0,8,6.7,Offline,Yes,Postgraduate,Pass
4.7,83.8,80.0,8,5.6,Hybrid,No,Postgraduate,Fail
11.0,72.1,42.0,8,7.3,Offline,Yes,School,Fail
12.4,81.1,70.0,8,6.8,Offline,Yes,Graduate,Fail
15.6,94.6,63.0,8,6.7,Offline,No,Graduate,Pass
11.7,97.6,65.0,9,7.9,Offline,No,Graduate,Pass
18.2,80.5,44.0,8,7.9,Offline,No,Postgraduate,Fail
5.0,86.7,54.0,7,6.8,Offline,No,School,Fail
13.8,87.2,42.0,6,5.0,Offline,Yes,Graduate,Fail
6.1,82.0,30.0,10,6.5,Offline,No,School,Fail
12.1,70.9,51.0,8,7.3,Offline,No,School,Pass
22.7,77.7,71.0,7,7.9,Offline,No,Graduate,Pass
16.0,79.5,84.0,7,7.5,Offline,No,Graduate,Pass
8.9,76.9,70.0,7,6.5,Offline,Yes,Graduate,Pass
13.5,88.4,49.0,8,5.0,Offline,Yes,Graduate,Pass
13.5,76.8,58.0,9,8.2,Hybrid,Yes,Graduate,Pass
11.4,76.9,41.0,8,6.7,Offline,No,Graduate,Fail
17.3,72.6,64.0,7,6.1,Hybrid,No,School,Pass
22.4,81.5,57.0,7,6.9,Offline,No,School,Pass
8.3,90.7,69.0,6,6.5,Hybrid,No,School,Pass
4.8,81.6,49.0,9,8.4,Offline,Yes,Postgraduate,Fail
8.1,84.5,65.0,7,8.3,Offline,Yes,Graduate,Pass
6.1,71.7,53.0,9,6.9,Hybrid,No,School,Fail
11.7,71.7,61.0,8,7.1,Hybrid,No,School,Fail
15.5,66.3,55.0,9,8.9,Offline,Yes,Graduate,Pass
5.0,80.2,71.0,8,5.1,Offline,No,Postgraduate,Pass
19.8,80.5,69.0,7,6.2,Offline,No,Graduate,Pass
13.4,76.6,53.0,7,6.8,Hybrid,No,Graduate,Fail
12.6,89.4,45.0,7,7.7,Hybrid,Yes,Graduate,Fail
7.2,64.3,81.0,6,6.2,Hybrid,Yes,School,Fail
3.0,92.2,96.0,8,8.5,Offline,No,School,Fail
7.6,86.9,50.0,6,6.2,Offline,Yes,Graduate,Fail
9.5,92.0,82.0,7,7.5,Offline,Yes,Postgraduate,Pass
17.8,73.7,65.0,9,5.7,Hybrid,No,Postgraduate,Pass
21.4,77.1,59.0,7,5.5,Hybrid,No,School,Pass
4.6,70.1,61.0,10,7.8,Offline,No,School,Pass
4.4,64.9,53.0,8,5.8,Offline,Yes,School,Fail
10.1,72.6,75.0,9,5.8,Hybrid,No,Postgraduate,Fail
4.7,93.7,72.0,8,8.4,Offline,No,Graduate,Fail
13.4,74.7,75.0,7,7.4,Offline,Yes,School,Pass
12.7,88.7,81.0,8,7.9,Offline,No,School,Pass
8.9,71.1,71.0,7,7.6,Offline,No,School,Fail
14.5,86.4,68.0,8,7.8,Hybrid,Yes,Graduate,Pass
9.4,81.7,53.0,7,7.7,Hybrid,No,Graduate,Fail
4.9,80.3,84.0,8,5.6,Offline,No,School,Pass
7.5,71.1,69.0,9,8.0,Offline,Yes,School,Fail
5.8,71.9,64.0,5,8.3,Offline,Yes,Graduate,Fail
19.2,83.7,59.0,9,8.1,Offline,No,School,Fail
25.3,82.6,62.0,7,6.7,Offline,No,Postgraduate,Pass
16.5,73.0,79.0,8,7.0,Offline,No,Graduate,Pass
7.5,89.8,57.0,9,8.6,Hybrid,Yes,Graduate,Fail
8.4,81.5,55.0,4,6.1,Offline,Yes,School,Fail
7.2,86.5,77.0,7,8.1,Hybrid,Yes,Postgraduate,Pass
13.6,81.1,73.0,8,6.0,Offline,No,Postgraduate,Pass
7.5,79.4,49.0,7,7.3,Offline,No,Postgraduate,Pass
13.4,85.5,61.0,6,7.5,Offline,Yes,School,Fail
13.2,92.0,91.0,7,6.4,Offline,No,School,Pass
5.1,73.2,44.0,7,6.5,Hybrid,Yes,School,Fail
8.2,81.3,47.0,7,5.9,Hybrid,No,School,Fail
15.4,77.8,70.0,7,8.6,Hybrid,Yes,School,Pass
5.7,85.7,63.0,10,8.6,Hybrid,Yes,Graduate,Pass
11.8,79.7,63.0,6,8.3,Hybrid,Yes,School,Pass
24.2,92.7,72.0,8,8.2,Hybrid,Yes,Graduate,Pass
12.5,91.8,73.0,9,7.5,Offline,No,Postgraduate,Pass
7.6,69.3,58.0,7,9.1,Offline,Yes,Graduate,Fail
7.3,85.6,66.0,6,7.2,Hybrid,Yes,Postgraduate,Fail
18.9,80.7,44.0,9,9.0,Offline,Yes,Graduate,Pass
24.7,84.1,70.0,6,8.5,Hybrid,Yes,Graduate,Pass
10.3,83.6,59.0,7,5.3,Offline,Yes,School,Fail
9.6,75.8,54.0,9,5.8,Offline,Yes,School,Fail
4.0,82.5,60.0,7,9.4,Offline,No,Postgraduate,Pass
13.5,64.2,68.0,7,8.3,Offline,No,Graduate,Fail
8.4,89.9,87.0,8,8.0,Hybrid,Yes,Graduate,Pass
16.4,91.3,30.0,9,7.7,Hybrid,Yes,Graduate,Fail
15.3,91.4,74.0,6,6.2,Hybrid,No,Postgraduate,Pass
17.9,81.4,77.0,8,6.6,Offline,Yes,Graduate,Pass
7.2,77.2,98.0,8,5.9,Hybrid,Yes,Graduate,Pass
5.2,75.0,70.0,8,7.0,Hybrid,No,Postgraduate,Pass
15.4,75.4,69.0,9,6.3,Offline,Yes,School,Pass
7.3,100.0,51.0,9,7.1,Hybrid,No,Graduate,Fail
20.6,80.9,77.0,9,6.9,Offline,Yes,Graduate,Pass
12.4,85.8,50.0,9,6.5,Offline,Yes,Graduate,Pass
10.1,77.9,51.0,9,6.8,Offline,Yes,School,Pass
7.0,84.5,51.0,8,9.8,Offline,No,School,Pass
10.8,89.6,52.0,8,8.5,Offline,Yes,Graduate,Pass
20.0,89.9,67.0,9,5.6,Offline,Yes,School,Pass
15.0,100.0,72.0,8,7.3,Offline,No,School,Fail
16.3,83.8,50.0,7,7.1,Hybrid,No,Graduate,Pass
12.6,86.8,89.0,7,8.2,Hybrid,Yes,School,Pass
12.6,70.6,68.0,9,7.0,Offline,Yes,School,Pass
6.9,71.8,58.0,7,7.1,Offline,Yes,Graduate,Fail
11.9,79.3,68.0,8,5.9,Hybrid,No,Postgraduate,Pass
16.6,100.0,59.0,7,6.9,Hybrid,No,Graduate,Fail
16.6,96.3,91.0,6,7.1,Offline,No,Postgraduate,Pass
17.9,86.6,75.0,6,4.9,Offline,Yes,School,Pass
5.5,75.7,65.0,8,7.5,Offline,No,School,Fail
9.8,73.8,66.0,10,7.5,Offline,No,School,Pass
9.3,87.3,58.0,10,7.0,Hybrid,No,Postgraduate,Pass
21.5,80.3,55.0,8,6.3,Offline,Yes,Postgraduate,Pass
6.9,82.9,66.0,7,8.9,Offline,Yes,Graduate,Fail
11.9,82.6,59.0,8,5.5,Offline,Yes,Graduate,Pass
4.5,100.0,63.0,7,6.0,Offline,No,Graduate,Pass
21.2,83.6,53.0,8,7.9,Hybrid,No,School,Pass
15.4,86.0,83.0,8,5.6,Offline,No,School,Pass
14.1,80.8,71.0,7,9.4,Hybrid,No,Postgraduate,Pass
7.8,93.0,48.0,7,6.6,Offline,No,Postgraduate,Fail
11.4,74.1,48.0,9,8.2,Offline,No,Graduate,Pass
5.4,89.6,52.0,8,6.3,Offline,No,Postgraduate,Pass
1.5,73.2,45.0,7,5.6,Offline,No,Graduate,Fail
3.5,74.7,77.0,9,8.2,Offline,Yes,Postgraduate,Pass
11.2,72.1,74.0,10,7.6,Offline,No,Postgraduate,Pass
17.9,78.1,63.0,8,8.5,Hybrid,Yes,School,Fail
26.8,83.0,53.0,10,7.1,Offline,Yes,School,Pass
13.0,86.4,39.0,8,6.0,Offline,No,School,Fail
20.8,78.7,85.0,8,7.1,Hybrid,Yes,Graduate,Pass
12.6,82.6,65.0,7,6.9,Offline,No,Graduate,Pass
18.9,79.4,47.0,9,8.6,Hybrid,No,School,Pass
23.1,99.2,74.0,8,6.6,Offline,No,School,Pass
16.0,79.9,63.0,7,7.5,Hybrid,Yes,School,Pass
9.6,78.7,60.0,7,6.0,Offline,Yes,School,Pass
23.5,80.4,76.0,7,7.6,Offline,No,Graduate,Pass
13.8,78.9,73.0,8,6.8,Offline,Yes,Graduate,Pass
8.2,75.6,82.0,8,6.7,Hybrid,Yes,Postgraduate,Pass
4.8,91.0,61.0,7,6.0,Offline,No,School,Fail
19.7,100.0,41.0,9,4.0,Hybrid,No,Postgraduate,Pass
14.7,85.9,65.0,8,7.7,Offline,Yes,Graduate,Pass
9.7,82.7,100.0,8,5.8,Offline,Yes,Graduate,Pass
3.5,77.5,61.0,7,6.5,Offline,Yes,Graduate,Pass
9.5,92.3,58.0,7,8.1,Offline,No,Graduate,Pass
16.1,85.8,63.0,10,7.5,Hybrid,No,Graduate,Pass
16.5,85.0,79.0,6,7.8,Offline,Yes,Postgraduate,Pass
9.0,66.5,86.0,9,6.8,Offline,No,School,Fail
17.3,75.7,44.0,6,8.6,Offline,No,School,Fail
8.8,90.3,73.0,5,6.6,Offline,Yes,Graduate,Pass
6.8,92.8,74.0,9,7.0,Offline,No,School,Pass
6.5,97.0,75.0,9,9.8,Offline,Yes,Graduate,Pass
10.2,71.2,76.0,8,6.7,Offline,No,Graduate,Pass
22.9,85.2,50.0,8,6.3,Offline,No,Graduate,Pass
3.4,76.8,47.0,8,6.6,Offline,No,Postgraduate,Fail
15.5,72.3,62.0,8,7.2,Offline,Yes,School,Fail
13.1,70.2,65.0,9,8.4,Offline,No,Postgraduate,Fail
9.4,76.6,80.0,8,6.0,Hybrid,Yes,Graduate,Pass
6.6,79.2,46.0,7,7.2,Offline,Yes,School,Fail
11.0,63.6,63.0,9,7.1,Offline,Yes,Graduate,Fail
17.4,79.3,82.0,8,4.6,Offline,No,School,Pass
14.6,76.7,48.0,9,5.8,Offline,Yes,Graduate,Fail
12.5,70.6,52.0,6,6.6,Offline,No,School,Pass
27.1,87.7,78.0,7,6.3,Offline,Yes,Graduate,Pass
14.9,83.6,56.0,9,6.6,Offline,No,School,Pass
4.0,86.5,46.0,8,6.4,Offline,Yes,Graduate,Fail
13.7,86.6,54.0,7,6.9,Hybrid,Yes,Graduate,Fail
2.7,69.2,65.0,8,6.9,Offline,No,Graduate,Fail
5.9,68.8,85.0,8,9.3,Offline,No,School,Fail
10.3,62.7,39.0,7,6.1,Offline,Yes,Graduate,Fail
2.8,87.8,77.0,7,7.9,Hybrid,No,Graduate,Fail
9.7,89.2,64.0,9,6.3,Offline,Yes,Graduate,Pass
14.2,89.5,88.0,8,6.0,Offline,Yes,Graduate,Pass
17.7,81.1,48.0,6,7.9,Offline,No,Graduate,Pass
10.1,85.4,48.0,8,7.6,Hybrid,Yes,School,Pass
7.5,81.6,78.0,7,6.7,Offline,No,Graduate,Pass
20.2,87.0,83.0,10,6.9,Offline,No,School,Pass
9.5,93.6,50.0,9,7.8,Offline,Yes,Postgraduate,Pass
13.9,78.9,58.0,9,8.2,Offline,Yes,Postgraduate,Pass
11.8,82.8,48.0,8,5.2,Hybrid,No,School,Pass
10.3,70.0,52.0,9,6.2,Offline,No,Graduate,Fail
8.7,92.6,86.0,7,6.8,Offline,No,Graduate,Pass
15.5,89.2,93.0,7,7.7,Offline,No,Graduate,Pass
7.4,77.8,71.0,8,7.3,Offline,Yes,School,Fail
5.1,90.7,59.0,8,5.2,Hybrid,Yes,School,Fail
5.7,73.6,70.0,7,8.2,Offline,No,School,Fail
33.2,86.3,80.0,8,6.7,Offline,No,Graduate,Pass
19.6,79.7,51.0,8,7.4,Offline,No,School,Pass
9.1,73.5,69.0,10,7.5,Hybrid,Yes,Graduate,Pass
6.7,72.1,56.0,7,7.1,Offline,Yes,Graduate,Fail
9.7,64.8,71.0,7,7.5,Offline,No,School,Fail
14.9,100.0,92.0,5,6.6,Hybrid,Yes,Postgraduate,Pass
6.6,78.2,64.0,7,7.7,Offline,Yes,Graduate,Fail
19.4,88.4,52.0,9,8.2,Hybrid,Yes,Postgraduate,Pass
5.8,67.8,92.0,8,8.1,Offline,No,Postgraduate,Pass
13.1,77.1,45.0,8,5.8,Offline,Yes,Graduate,Fail
6.4,69.5,64.0,8,6.4,Hybrid,No,Graduate,Fail
6.8,64.5,73.0,8,6.5,Offline,No,Graduate,Pass
12.6,89.4,73.0,9,7.7,Hybrid,Yes,Graduate,Pass
17.5,85.4,53.0,9,6.7,Offline,No,Graduate,Pass
18.2,75.9,74.0,9,7.8,Hybrid,No,School,Pass
8.2,76.3,54.0,9,6.4,Hybrid,No,Graduate,Fail
9.1,82.6,46.0,8,8.8,Hybrid,Yes,Postgraduate,Pass
11.3,68.1,40.0,10,8.0,Offline,No,School,Fail
11.7,70.8,73.0,9,8.6,Hybrid,Yes,School,Pass
9.4,74.3,83.0,8,8.3,Offline,Yes,Postgraduate,Pass
16.1,92.7,68.0,7,6.9,Offline,Yes,School,Fail
8.6,74.3,86.0,6,6.0,Offline,No,School,Pass
19.9,100.0,62.0,8,7.5,Offline,No,Postgraduate,Pass
10.2,79.2,52.0,7,5.1,Offline,No,Graduate,Fail
16.9,74.4,43.0,7,6.0,Hybrid,No,Graduate,Fail
2.9,78.9,65.0,9,7.6,Hybrid,Yes,School,Pass
10.0,58.3,88.0,7,4.8,Hybrid,No,Graduate,Fail
6.2,73.0,56.0,9,6.5,Offline,No,School,Fail
6.5,99.3,57.0,9,8.5,Offline,Yes,School,Fail
10.2,62.4,97.0,8,5.9,Offline,Yes,School,Fail
17.2,84.2,66.0,8,7.9,Hybrid,No,School,Pass
10.8,77.3,43.0,5,6.5,Offline,Yes,School,Fail
10.1,76.1,65.0,7,9.2,Hybrid,No,Graduate,Pass
22.3,86.2,97.0,7,7.9,Offline,Yes,Graduate,Pass
8.4,67.8,67.0,6,6.0,Hybrid,No,School,Fail
6.0,86.0,84.0,8,5.7,Hybrid,No,Graduate,Pass
7.2,81.7,64.0,8,5.7,Hybrid,Yes,School,Fail
13.4,91.6,50.0,9,7.7,Offline,No,Graduate,Pass
3.0,87.2,53.0,7,6.1,Offline,No,School,Fail
18.2,73.7,69.0,8,7.4,Offline,Yes,School,Fail
4.3,77.7,44.0,6,5.6,Hybrid,No,School,Fail
12.6,83.1,67.0,9,7.1,Hybrid,No,School,Pass
5.9,72.6,73.0,9,6.6,Offline,No,School,Pass
11.0,71.7,59.0,9,6.6,Offline,Yes,Postgraduate,Pass
10.9,73.6,64.0,9,8.6,Offline,Yes,School,Fail
10.1,66.9,72.0,8,7.0,Offline,Yes,Graduate,Pass
10.3,77.6,56.0,7,8.1,Hybrid,Yes,School,Fail
16.4,76.8,47.0,10,5.9,Offline,No,Graduate,Fail
28.0,100.0,44.0,7,7.5,Offline,Yes,School,Fail
8.3,80.5,51.0,8,8.5,Offline,No,Graduate,Fail
13.6,99.8,74.0,8,6.5,Hybrid,Yes,Graduate,Pass
21.0,82.2,81.0,9,5.9,Offline,Yes,Graduate,Pass
16.2,92.9,59.0,8,7.0,Offline,Yes,Graduate,Pass
7.0,86.3,72.0,9,7.4,Offline,No,School,Pass
11.1,79.9,65.0,10,5.6,Hybrid,Yes,Graduate,Fail
6.1,84.9,76.0,7,7.5,Offline,No,Postgraduate,Pass
10.3,73.7,73.0,6,5.1,Hybrid,No,School,Fail
8.5,91.6,56.0,9,6.1,Offline,No,School,Fail
1.1,72.9,68.0,5,8.5,Offline,No,School,Fail
1.8,71.9,55.0,10,5.6,Offline,Yes,School,Fail
23.9,75.5,53.0,5,7.2,Offline,Yes,Graduate,Fail
9.5,85.5,35.0,8,7.8,Offline,Yes,School,Fail
6.3,92.4,60.0,9,8.2,Offline,No,School,Fail
5.6,84.3,52.0,8,6.2,Hybrid,No,School,Fail
21.0,74.7,71.0,9,8.2,Offline,No,School,Pass
4.9,81.2,55.0,8,7.1,Hybrid,No,School,Fail
29.0,86.2,84.0,9,7.3,Offline,No,School,Pass
11.9,97.8,68.0,9,7.9,Offline,No,Graduate,Pass
22.2,87.5,44.0,7,8.1,Offline,Yes,School,Pass
16.3,95.1,55.0,8,5.9,Hybrid,Yes,Postgraduate,Pass
7.7,77.6,44.0,9,6.1,Offline,Yes,School,Pass
5.2,80.5,80.0,9,6.5,Offline,Yes,Graduate,Pass
12.5,74.2,80.0,10,6.2,Offline,No,Graduate,Pass
5.1,100.0,51.0,8,7.1,Offline,No,School,Pass
11.2,83.6,46.0,8,7.5,Hybrid,Yes,School,Fail
8.1,87.1,72.0,4,10.0,Hybrid,No,Graduate,Pass
17.0,93.9,65.0,6,7.2,Hybrid,No,Graduate,Pass
11.5,89.5,75.0,5,6.9,Hybrid,No,Graduate,Fail
7.8,90.7,64.0,8,6.0,Hybrid,Yes,Postgraduate,Pass
11.3,83.6,80.0,10,7.3,Hybrid,No,Graduate,Pass
9.7,75.4,52.0,9,5.2,Offline,No,School,Pass
9.4,68.9,57.0,10,7.5,Offline,Yes,School,Pass
9.8,85.0,47.0,10,7.3,Offline,Yes,School,Fail
6.3,76.7,56.0,9,8.9,Offline,No,Graduate,Fail
2.9,77.4,65.0,7,5.8,Offline,No,Graduate,Fail
9.7,87.3,67.0,9,8.1,Hybrid,No,Graduate,Fail
17.9,97.0,52.0,10,7.4,Offline,No,Graduate,Pass
29.4,72.8,82.0,8,7.2,Offline,Yes,Graduate,Pass
19.1,76.5,69.0,7,7.4,Hybrid,No,Graduate,Pass
16.2,75.9,56.0,10,7.1,Offline,Yes,School,Pass
13.4,89.1,52.0,6,5.9,Offline,No,Postgraduate,Fail
13.0,74.8,54.0,9,6.6,Offline,No,Postgraduate,Pass
18.2,87.5,65.0,6,5.5,Offline,No,School,Pass
7.1,89.8,53.0,6,8.5,Offline,No,School,Fail
29.9,74.4,48.0,8,7.5,Offline,No,Graduate,Pass
11.7,64.0,70.0,7,8.2,Offline,No,Graduate,Pass
9.2,70.9,82.0,8,8.0,Offline,No,School,Fail
18.2,79.0,46.0,8,7.6,Offline,Yes,Graduate,Fail
12.2,100.0,47.0,9,9.5,Offline,No,School,Pass
16.4,69.2,45.0,8,8.7,Offline,Yes,Graduate,Pass
7.9,70.2,69.0,8,7.0,Offline,No,School,Fail
8.5,88.3,65.0,8,7.5,Offline,No,Graduate,Pass
26.2,77.6,52.0,8,4.8,Offline,Yes,Graduate,Fail
13.1,78.2,44.0,9,7.0,Hybrid,No,Graduate,Fail
3.0,66.8,61.0,6,7.5,Offline,No,School,Fail
7.5,84.5,41.0,8,5.8,Offline,Yes,Postgraduate,Fail
18.1,100.0,61.0,8,5.3,Hybrid,Yes,Graduate,Pass
16.5,86.2,80.0,9,8.3,Offline,Yes,Postgraduate,Fail
5.6,92.9,76.0,9,6.1,Offline,No,Graduate,Pass
11.7,74.2,100.0,7,6.7,Offline,No,Postgraduate,Pass
11.6,66.9,74.0,7,6.8,Offline,No,Postgraduate,Fail
20.9,70.6,46.0,10,8.6,Offline,No,Graduate,Pass
8.5,100.0,75.0,7,6.9,Offline,Yes,Graduate,Pass
10.5,78.9,100.0,7,6.1,Offline,Yes,School,Pass
10.3,100.0,86.0,9,4.6,Offline,Yes,School,Pass
9.4,85.0,70.0,9,7.6,Offline,Yes,School,Fail
4.6,70.0,73.0,8,8.8,Offline,No,Graduate,Pass
11.3,82.8,55.0,8,7.5,Hybrid,No,Graduate,Fail
5.7,75.2,50.0,8,8.1,Offline,Yes,Graduate,Fail
7.6,92.6,76.0,7,5.0,Offline,No,School,Fail
8.1,100.0,44.0,8,7.6,Hybrid,No,School,Pass
6.7,82.7,71.0,5,6.5,Offline,No,Postgraduate,Pass
15.7,62.1,79.0,8,7.4,Offline,No,Graduate,Pass
2.3,87.1,59.0,8,4.0,Hybrid,No,School,Fail
4.5,99.7,57.0,7,5.3,Offline,Yes,School,Pass
3.0,86.5,91.0,8,7.2,Offline,Yes,Graduate,Fail
7.7,71.5,77.0,9,7.8,Offline,No,Graduate,Pass
7.4,62.5,77.0,6,5.4,Offline,No,Graduate,Pass
1.9,81.6,68.0,6,8.1,Offline,No,Graduate,Fail
12.5,56.6,58.0,6,5.7,Hybrid,No,Graduate,Fail
10.6,84.2,58.0,8,5.6,Hybrid,Yes,School,Pass
14.3,81.2,63.0,9,9.5,Hybrid,No,Graduate,Pass
18.8,66.8,63.0,9,7.2,Hybrid,Yes,Postgraduate,Fail
12.9,91.8,64.0,9,5.7,Offline,No,Graduate,Pass
5.6,76.4,46.0,8,8.9,Hybrid,No,School,Pass
8.8,76.4,52.0,8,6.3,Hybrid,No,School,Fail
11.1,84.6,89.0,10,7.6,Offline,No,Graduate,Pass
23.0,66.0,74.0,10,7.4,Offline,Yes,School,Pass
5.1,66.1,67.0,7,6.1,Hybrid,No,School,Pass
9.2,54.5,73.0,7,7.3,Offline,Yes,School,Fail
17.3,84.6,75.0,9,6.5,Hybrid,No,Postgraduate,Pass
20.6,92.0,70.0,6,6.2,Offline,No,School,Pass
11.6,80.4,68.0,8,6.0,Offline,Yes,Graduate,Fail
10.1,88.1,74.0,9,7.0,Offline,No,School,Pass
6.7,93.1,76.0,7,7.8,Offline,Yes,School,Pass
33.6,72.8,56.0,9,7.8,Offline,Yes,Graduate,Pass
16.0,86.0,57.0,9,8.9,Offline,Yes,School,Fail
5.4,75.6,35.0,6,8.3,Hybrid,No,Postgraduate,Fail
20.3,75.2,50.0,8,5.5,Hybrid,Yes,Postgraduate,Fail
17.9,73.4,72.0,6,7.0,Offline,No,Graduate,Pass
13.1,78.1,39.0,8,5.1,Hybrid,No,Graduate,Pass
18.9,88.9,63.0,7,9.1,Offline,Yes,School,Pass
18.9,78.5,43.0,9,6.2,Offline,No,School,Fail
16.7,83.1,54.0,7,5.5,Hybrid,No,Graduate,Fail
7.5,83.2,54.0,8,7.8,Hybrid,Yes,Graduate,Pass
3.0,100.0,38.0,8,6.1,Hybrid,Yes,School,Pass
12.1,62.7,76.0,9,5.3,Hybrid,No,School,Pass
4.6,87.1,43.0,7,5.3,Offline,Yes,Graduate,Fail
13.7,89.7,45.0,10,5.4,Hybrid,No,Graduate,Pass
9.1,78.2,93.0,7,6.9,Offline,No,Postgraduate,Pass
7.2,74.8,75.0,9,6.9,Offline,No,Graduate,Fail
20.2,89.1,66.0,8,7.6,Offline,No,School,Fail
18.9,87.4,69.0,7,6.6,Offline,No,School,Pass
5.0,88.1,76.0,8,8.9,Offline,No,Postgraduate,Pass
5.1,82.8,68.0,8,7.2,Offline,Yes,School,Fail
11.3,77.9,63.0,8,4.9,Offline,No,Postgraduate,Pass
7.6,81.0,53.0,9,7.1,Offline,Yes,School,Fail
8.8,100.0,75.0,8,8.1,Hybrid,Yes,Postgraduate,Pass
4.2,94.1,52.0,8,6.3,Hybrid,No,Postgraduate,Pass
1.9,82.1,89.0,7,6.9,Hybrid,No,School,Fail
11.1,84.6,63.0,7,7.8,Offline,Yes,Graduate,Fail
10.3,74.4,53.0,8,8.9,Offline,No,Graduate,Fail
25.2,76.8,92.0,8,8.0,Offline,No,Graduate,Pass
12.2,79.5,82.0,9,5.5,Offline,Yes,Postgraduate,Pass
8.4,87.0,71.0,10,6.4,Hybrid,No,School,Pass
13.4,81.4,53.0,9,7.0,Offline,No,Graduate,Pass
11.3,83.8,53.0,10,9.2,Offline,No,School,Fail
15.7,76.5,46.0,6,6.8,Hybrid,Yes,Graduate,Pass
9.2,82.1,76.0,8,7.4,Hybrid,No,Graduate,Fail
5.5,79.7,64.0,10,7.1,Offline,No,Postgraduate,Pass
6.8,85.1,52.0,9,6.4,Hybrid,Yes,Graduate,Fail
12.1,81.3,73.0,7,5.7,Offline,No,Graduate,Pass
9.2,79.0,88.0,6,7.7,Offline,Yes,Postgraduate,Pass
13.9,77.4,68.0,8,8.3,Offline,Yes,Postgraduate,Pass
13.5,75.8,84.0,8,7.8,Offline,Yes,Postgraduate,Pass
9.0,82.2,47.0,9,6.6,Hybrid,Yes,Postgraduate,Pass
9.7,80.2,82.0,8,7.9,Hybrid,Yes,Postgraduate,Pass
7.4,68.2,69.0,7,6.3,Offline,Yes,Postgraduate,Pass
12.4,70.5,81.0,9,8.3,Offline,No,School,Pass
9.5,88.5,58.0,7,8.5,Offline,Yes,Graduate,Fail
16.1,79.2,80.0,8,7.2,Offline,No,Graduate,Pass
25.8,83.9,48.0,8,7.5,Offline,Yes,School,Pass
15.1,67.1,81.0,10,6.4,Offline,No,School,Pass
12.4,78.1,75.0,8,7.7,Offline,No,Graduate,Pass
13.7,73.0,52.0,8,7.3,Hybrid,No,Graduate,Pass
20.2,84.6,82.0,9,6.0,Offline,Yes,Postgraduate,Pass
8.4,83.6,56.0,8,9.1,Offline,Yes,School,Pass
11.9,87.6,45.0,10,8.6,Hybrid,Yes,School,Pass
16.5,62.1,42.0,9,6.0,Offline,No,School,Fail
7.7,69.6,47.0,7,5.5,Offline,No,School,Pass
23.8,74.7,90.0,9,6.8,Offline,Yes,School,Pass
4.3,81.6,94.0,8,8.4,Offline,Yes,Postgraduate,Pass
17.2,72.1,59.0,8,8.7,Offline,No,Graduate,Fail
11.5,75.7,57.0,9,6.1,Offline,Yes,Graduate,Pass
21.6,91.9,63.0,8,5.8,Offline,Yes,Graduate,Pass
3.4,84.0,85.0,10,8.9,Offline,No,Postgraduate,Pass
11.0,86.9,60.0,10,5.0,Offline,Yes,School,Pass
12.7,92.6,66.0,8,8.3,Offline,Yes,Graduate,Pass
9.7,77.4,49.0,8,8.9,Offline,No,Postgraduate,Pass
14.0,83.0,63.0,9,6.0,Hybrid,Yes,Graduate,Pass
4.5,72.9,62.0,9,8.1,Hybrid,Yes,Postgraduate,Fail
4.9,77.4,65.0,10,7.1,Hybrid,Yes,School,Fail
24.6,89.4,55.0,6,6.6,Offline,Yes,Graduate,Fail
11.2,88.7,74.0,10,7.6,Offline,No,Graduate,Pass
10.8,94.0,40.0,9,6.4,Hybrid,No,Graduate,Fail
7.1,77.9,80.0,7,6.6,Offline,No,Graduate,Pass
23.2,75.7,73.0,9,6.5,Offline,Yes,Graduate,Pass
6.0,79.6,46.0,8,8.7,Hybrid,Yes,Graduate,Fail
6.2,95.6,71.0,9,8.1,Offline,Yes,School,Pass
18.8,83.5,66.0,9,5.6,Offline,Yes,Graduate,Pass
13.2,66.6,84.0,8,6.9,Offline,Yes,Graduate,Pass
19.1,65.9,67.0,8,6.4,Hybrid,Yes,Graduate,Pass
9.6,62.8,53.0,7,7.6,Offline,No,School,Fail
16.7,82.2,48.0,7,6.6,Offline,No,Postgraduate,Fail
8.1,99.4,68.0,6,6.4,Offline,Yes,School,Pass
5.2,91.4,56.0,8,7.0,Hybrid,Yes,School,Pass
12.9,71.5,68.0,7,8.4,Offline,Yes,Graduate,Fail
7.4,63.1,61.0,7,8.5,Offline,No,Graduate,Fail
8.3,89.6,75.0,8,7.6,Offline,No,School,Pass
7.3,71.9,59.0,8,5.8,Hybrid,No,Postgraduate,Fail
10.8,91.2,91.0,9,8.1,Hybrid,Yes,Postgraduate,Pass
23.0,70.3,22.0,9,8.0,Offline,Yes,Graduate,Pass
8.1,78.1,74.0,8,7.3,Offline,No,Graduate,Fail
14.5,76.0,62.0,7,8.9,Offline,Yes,School,Fail
8.9,77.7,75.0,10,6.0,Offline,Yes,Postgraduate,Pass
8.0,78.9,61.0,7,7.2,Offline,No,Graduate,Pass
17.6,88.4,85.0,6,7.0,Offline,Yes,Postgraduate,Pass
13.3,84.8,87.0,8,9.8,Hybrid,No,School,Pass
21.0,64.0,37.0,8,7.0,Offline,Yes,Graduate,Fail
8.6,100.0,67.0,10,7.4,Hybrid,No,School,Pass
13.2,77.8,81.0,8,7.2,Offline,No,Graduate,Pass
6.1,100.0,69.0,7,7.5,Offline,Yes,Graduate,Fail
28.9,90.9,76.0,9,7.9,Offline,No,School,Pass
17.0,94.6,61.0,6,7.7,Hybrid,No,Graduate,Pass
22.7,84.8,70.0,8,8.4,Offline,No,Graduate,Pass
2.5,79.2,64.0,7,6.4,Offline,Yes,School,Fail
18.2,87.3,44.0,8,9.4,Hybrid,No,Postgraduate,Pass
7.0,74.3,72.0,5,7.3,Offline,No,School,Fail
6.4,92.9,60.0,5,6.1,Offline,No,School,Pass
2.5,87.9,53.0,6,7.8,Hybrid,No,Graduate,Fail
11.1,82.6,80.0,9,6.3,Offline,Yes,Graduate,Pass
3.5,79.6,71.0,8,7.3,Offline,Yes,Postgraduate,Pass
10.1,83.5,49.0,8,6.6,Hybrid,No,Postgraduate,Pass
9.2,72.4,56.0,4,8.3,Offline,Yes,School,Fail
8.9,88.8,82.0,8,6.4,Offline,Yes,School,Fail
17.9,94.1,83.0,7,8.5,Offline,Yes,Graduate,Pass
11.5,97.4,80.0,7,6.0,Offline,No,Postgraduate,Pass
16.5,76.0,62.0,7,6.7,Offline,Yes,School,Pass
9.5,84.7,72.0,8,8.5,Hybrid,Yes,Graduate,Pass
9.3,77.7,46.0,9,7.0,Offline,Yes,Postgraduate,Fail
7.8,84.2,55.0,9,7.3,Offline,Yes,Postgraduate,Pass
6.0,65.1,75.0,9,6.3,Hybrid,Yes,School,Fail
17.2,92.2,70.0,8,7.1,Hybrid,Yes,Graduate,Pass
22.1,76.9,54.0,7,6.5,Hybrid,No,Graduate,Pass
2.9,87.3,76.0,9,6.2,Offline,Yes,Graduate,Pass
7.8,50.2,80.0,7,6.3,Hybrid,Yes,Graduate,Fail
11.5,84.2,75.0,7,7.2,Offline,No,Graduate,Pass
11.8,88.2,87.0,6,5.7,Offline,No,Postgraduate,Pass
3.7,74.0,77.0,7,4.0,Hybrid,Yes,Graduate,Fail
2.8,73.2,80.0,9,6.4,Offline,Yes,Graduate,Pass
18.2,81.1,41.0,8,7.7,Offline,No,Postgraduate,Fail
7.3,73.5,32.0,8,5.9,Offline,Yes,Graduate,Fail
21.0,83.0,37.0,9,5.2,Offline,No,School,Pass
16.0,74.2,76.0,7,5.1,Hybrid,No,School,Fail
4.1,86.7,69.0,7,8.8,Hybrid,No,Graduate,Fail
21.4,90.0,68.0,7,7.5,Offline,No,Graduate,Pass
17.6,94.6,74.0,9,6.2,Offline,No,Graduate,Pass
10.2,84.7,85.0,9,9.6,Offline,No,Graduate,Pass
11.2,63.0,55.0,10,6.5,Offline,Yes,Graduate,Fail
12.7,75.7,55.0,8,7.1,Offline,Yes,School,Pass
6.7,77.5,74.0,5,5.5,Hybrid,No,School,Pass
10.9,80.0,39.0,9,5.7,Offline,Yes,Graduate,Pass
13.9,95.7,63.0,9,7.3,Offline,No,Graduate,Pass
4.4,90.6,62.0,8,8.1,Offline,No,School,Fail
5.1,63.1,77.0,10,5.3,Hybrid,No,School,Fail
7.9,100.0,69.0,7,7.2,Hybrid,No,School,Pass
11.1,84.3,81.0,7,5.6,Offline,Yes,Graduate,Pass
2.3,62.7,90.0,7,7.9,Offline,Yes,Graduate,Fail
8.3,94.6,65.0,6,7.7,Hybrid,No,School,Fail
9.1,68.7,61.0,8,8.4,Offline,Yes,School,Fail
13.0,87.2,54.0,9,6.7,Hybrid,No,Graduate,Pass
8.8,86.0,41.0,8,7.8,Offline,Yes,Graduate,Fail
7.5,69.3,79.0,10,7.4,Hybrid,No,School,Pass
6.7,86.8,78.0,8,7.2,Offline,No,Graduate,Fail
14.4,100.0,63.0,9,5.5,Offline,No,School,Pass
9.7,91.8,92.0,8,6.1,Offline,No,Graduate,Pass
15.2,97.7,73.0,9,8.1,Offline,Yes,School,Pass
8.0,80.4,75.0,9,6.6,Offline,No,School,Pass
31.7,94.6,89.0,7,4.9,Offline,No,Graduate,Pass
11.7,83.9,70.0,8,6.7,Offline,Yes,School,Pass
23.7,82.4,70.0,5,7.7,Offline,No,Graduate,Pass
12.0,78.8,67.0,9,8.7,Offline,No,School,Fail
19.7,76.7,61.0,8,7.8,Offline,No,Postgraduate,Pass
14.9,82.1,60.0,9,6.2,Offline,No,Postgraduate,Pass
19.1,71.3,38.0,7,6.9,Offline,Yes,School,Fail
3.8,70.0,60.0,7,7.6,Offline,Yes,Postgraduate,Fail
10.0,72.6,70.0,9,4.0,Hybrid,Yes,Graduate,Pass
10.9,83.8,79.0,8,7.1,Offline,Yes,Postgraduate,Pass
11.7,80.5,63.0,9,8.8,Offline,Yes,School,Pass
14.4,84.5,48.0,8,5.7,Hybrid,Yes,Graduate,Pass
15.4,73.4,48.0,4,6.6,Hybrid,No,School,Fail
8.9,81.6,70.0,7,7.0,Hybrid,No,Postgraduate,Pass
10.1,77.1,47.0,8,8.1,Offline,No,Postgraduate,Fail
20.5,98.3,72.0,6,8.5,Offline,Yes,School,Pass
10.2,66.5,67.0,7,7.9,Hybrid,No,Graduate,Fail
24.2,73.8,46.0,9,6.4,Offline,No,Graduate,Pass
8.0,94.9,56.0,10,7.3,Offline,Yes,Graduate,Pass
12.0,81.7,75.0,7,6.8,Hybrid,No,School,Pass
12.8,98.5,73.0,8,4.9,Offline,No,Graduate,Pass
7.6,83.0,55.0,8,5.9,Offline,Yes,Postgraduate,Fail
13.1,71.9,61.0,10,6.9,Offline,No,School,Pass
29.4,87.9,78.0,10,6.5,Offline,Yes,School,Pass
5.9,74.2,85.0,8,8.1,Offline,No,School,Fail
11.4,68.2,76.0,9,5.1,Hybrid,No,School,Pass
3.6,77.6,70.0,8,6.1,Offline,No,Graduate,Fail
12.8,75.1,64.0,9,7.0,Offline,Yes,Graduate,Fail
24.3,84.4,53.0,7,7.9,Offline,No,Graduate,Pass
3.9,76.8,67.0,7,8.1,Offline,Yes,School,Fail
19.9,81.4,53.0,9,8.3,Offline,Yes,Graduate,Pass
18.6,79.7,100.0,7,6.2,Offline,No,Graduate,Pass
12.7,74.7,69.0,7,7.1,Offline,Yes,School,Fail
8.3,89.9,70.0,8,8.2,Offline,No,Graduate,Pass
7.0,77.1,80.0,10,6.1,Offline,Yes,Postgraduate,Pass
11.0,95.4,55.0,7,5.9,Offline,No,School,Pass
12.2,87.6,49.0,8,6.9,Offline,Yes,School,Fail
21.1,76.2,68.0,7,8.2,Offline,Yes,School,Pass
5.2,71.7,55.0,8,6.0,Hybrid,Yes,School,Fail
13.1,87.1,80.0,10,7.6,Offline,No,Postgraduate,Pass
20.7,81.2,87.0,6,4.7,Hybrid,Yes,School,Pass
40.0,91.2,51.0,6,6.3,Offline,No,Graduate,Pass
11.1,81.2,87.0,5,6.4,Offline,Yes,Graduate,Pass
21.8,81.9,51.0,10,8.2,Offline,No,Graduate,Pass
22.9,90.4,54.0,10,8.6,Offline,No,Graduate,Pass
9.8,73.5,58.0,7,6.1,Offline,No,Graduate,Fail
8.1,83.5,50.0,6,7.1,Offline,Yes,School,Fail
7.5,84.8,66.0,9,6.3,Offline,Yes,Graduate,Pass
4.7,62.1,98.0,8,5.3,Offline,Yes,Graduate,Pass
9.4,95.4,81.0,7,6.4,Offline,Yes,Postgraduate,Fail
6.9,89.6,38.0,10,8.1,Hybrid,No,Graduate,Fail
20.6,72.1,73.0,9,6.6,Offline,No,School,Pass
10.6,89.1,64.0,8,7.1,Offline,Yes,Graduate,Pass
20.9,76.8,86.0,10,6.0,Offline,No,Graduate,Pass
11.1,93.2,74.0,7,8.2,Offline,Yes,Graduate,Pass
12.2,77.1,72.0,5,6.3,Offline,Yes,School,Fail
17.8,74.7,44.0,8,9.0,Offline,No,School,Pass
31.4,79.1,69.0,7,8.7,Hybrid,Yes,School,Pass
23.6,75.7,56.0,8,8.5,Offline,No,Graduate,Pass
9.4,64.3,30.0,8,5.8,Hybrid,No,Graduate,Fail
14.3,84.6,88.0,9,5.9,Hybrid,Yes,School,Pass
15.6,72.3,59.0,9,6.0,Offline,Yes,Postgraduate,Fail
17.2,60.5,61.0,9,6.7,Hybrid,No,School,Pass
8.5,78.1,59.0,6,6.5,Offline,No,School,Pass
13.4,85.8,46.0,5,5.4,Offline,No,Postgraduate,Fail
9.7,75.9,47.0,9,7.0,Hybrid,Yes,Postgraduate,Fail
5.9,82.0,51.0,5,7.7,Offline,No,Graduate,Pass
6.2,69.1,80.0,8,7.1,Offline,No,Graduate,Fail
9.4,88.4,48.0,9,6.0,Offline,Yes,School,Pass
37.3,84.9,75.0,8,7.6,Offline,Yes,Graduate,Pass
19.3,76.6,80.0,9,5.9,Hybrid,Yes,Graduate,Pass
23.4,82.0,50.0,10,6.0,Offline,No,School,Pass
10.0,86.6,65.0,5,6.4,Offline,Yes,Graduate,Fail
15.7,74.9,72.0,8,7.7,Offline,Yes,School,Pass
