study_hours_per_week,attendance_pct,previous_exam_score,assignments_submitted,sleep_hours,class_mode,extracurricular,parent_education
7.8,62.9,56.0,8,7.4,Offline,Yes,Postgraduate
8.7,76.1,55.0,6,6.5,Hybrid,No,School
4.0,72.4,44.0,5,7.5,Online,Yes,School
7.2,75.6,50.0,7,6.6,Online,No,School
7.8,61.2,46.0,6,5.7,Hybrid,No,School
3.9,49.0,59.0,3,8.6,Online,No,Postgraduate
6.8,54.0,43.0,5,7.7,Online,No,Postgraduate
4.0,73.3,71.0,7,9.6,Online,No,School
17.3,60.8,83.0,5,7.3,Online,No,School
14.7,40.7,61.0,7,6.0,Online,No,Graduate
10.1,65.1,60.0,8,7.4,Online,Yes,Graduate
9.7,54.8,83.0,4,7.3,Online,Yes,Graduate
7.7,63.1,57.0,5,8.5,Offline,No,Graduate
6.3,41.7,44.0,7,5.4,Hybrid,No,Graduate
10.5,30.0,75.0,8,6.4,Online,Yes,Graduate
7.2,48.5,50.0,8,7.1,Online,No,Graduate
5.4,76.9,54.0,6,6.4,Online,No,Graduate
8.4,62.7,73.0,6,7.6,Hybrid,Yes,Postgraduate
12.8,58.2,85.0,7,7.9,Online,No,Graduate
9.7,64.9,67.0,5,6.6,Hybrid,No,School
11.0,61.5,70.0,8,8.1,Hybrid,Yes,School
7.1,59.8,64.0,7,6.3,Hybrid,No,School
4.7,63.3,58.0,6,7.0,Online,No,Graduate
9.6,56.0,59.0,4,7.5,Online,Yes,School
9.3,54.5,63.0,5,7.1,Online,No,Graduate
8.7,81.5,84.0,4,7.8,Online,No,School
6.0,74.0,56.0,8,6.5,Hybrid,Yes,School
10.1,56.9,47.0,4,7.4,Online,Yes,School
9.2,80.0,70.0,7,9.1,Online,No,Graduate
5.6,57.7,64.0,8,7.7,Online,Yes,School
23.5,66.0,87.0,5,6.8,Hybrid,No,Graduate
11.6,57.2,57.0,8,4.5,Hybrid,No,Postgraduate
4.3,61.7,62.0,8,6.7,Online,No,School
8.5,57.3,68.0,6,7.5,Hybrid,No,School
7.9,75.0,74.0,4,7.9,Offline,No,School
11.7,45.5,63.0,6,7.1,Offline,No,School
8.9,78.8,61.0,6,8.5,Online,Yes,School
6.2,71.3,65.0,5,5.8,Online,No,Graduate
10.1,70.2,65.0,7,7.6,Online,No,Graduate
11.2,71.4,42.0,6,6.7,Offline,Yes,Graduate
15.4,74.4,81.0,5,7.9,Offline,No,School
15.0,59.9,49.0,4,6.6,Hybrid,Yes,Graduate
13.5,62.5,79.0,6,7.6,Online,No,Graduate
9.3,62.9,66.0,7,7.9,Online,Yes,Postgraduate
2.7,42.7,74.0,7,6.8,Online,No,Graduate
5.9,59.3,56.0,4,8.9,Hybrid,Yes,School
8.3,79.8,59.0,4,6.8,Online,Yes,School
4.7,68.5,73.0,5,7.7,Online,Yes,School
4.9,65.5,85.0,7,5.7,Online,No,Graduate
13.3,69.9,37.0,6,7.3,Hybrid,Yes,School
5.2,66.3,45.0,6,6.8,Online,Yes,Graduate
7.0,55.1,67.0,7,7.9,Online,No,Postgraduate
3.9,62.2,71.0,5,7.4,Hybrid,No,Graduate
8.0,66.7,83.0,3,9.1,Online,No,Postgraduate
6.1,78.9,61.0,6,8.3,Online,No,School
11.6,74.0,53.0,7,6.1,Hybrid,Yes,School
8.6,65.6,70.0,7,5.5,Hybrid,No,Postgraduate
8.4,61.3,65.0,6,6.4,Online,No,School
3.4,64.5,83.0,7,5.1,Online,No,Postgraduate
7.5,67.0,71.0,7,7.4,Online,No,Graduate
6.9,70.9,59.0,7,8.2,Offline,No,School
5.3,73.2,64.0,7,6.7,Offline,No,Graduate
1.9,52.7,90.0,7,9.0,Online,Yes,Graduate
9.5,52.9,70.0,5,6.1,Hybrid,No,Graduate
5.0,69.1,59.0,3,8.1,Online,No,School
4.1,54.2,70.0,6,6.8,Online,Yes,Graduate
17.6,67.1,82.0,8,6.7,Online,Yes,Postgraduate
15.8,58.2,91.0,3,7.3,Offline,No,Postgraduate
9.3,71.0,77.0,4,6.9,Offline,Yes,Graduate
7.8,62.5,59.0,6,6.1,Online,No,School
7.4,74.4,63.0,4,7.0,Online,No,Graduate
20.1,67.8,55.0,8,9.4,Hybrid,Yes,Graduate
17.9,73.0,80.0,8,5.4,Hybrid,No,Graduate
6.7,51.2,37.0,7,5.2,Online,Yes,Graduate
12.0,61.0,66.0,5,7.4,Online,No,School
4.6,73.8,48.0,7,8.2,Online,No,School
5.0,46.4,62.0,4,8.5,Offline,No,School
11.5,59.2,23.0,6,6.9,Hybrid,Yes,Graduate
7.5,65.6,70.0,6,6.4,Offline,No,Postgraduate
6.0,55.0,66.0,6,6.8,Online,Yes,Postgraduate
3.5,56.7,58.0,3,7.4,Online,No,Graduate
4.9,57.1,40.0,7,8.3,Online,No,School
5.9,78.3,69.0,5,6.2,Hybrid,Yes,Graduate
4.5,54.1,68.0,7,8.0,Online,Yes,Graduate
7.8,54.3,53.0,7,7.4,Hybrid,Yes,School
8.6,54.9,56.0,7,8.7,Online,Yes,Postgraduate
5.2,69.2,71.0,7,6.7,Hybrid,Yes,Graduate
3.6,46.1,46.0,3,7.4,Hybrid,No,Postgraduate
6.1,56.7,63.0,7,7.8,Online,No,School
10.9,40.7,70.0,6,6.9,Hybrid,No,School
9.4,60.9,61.0,3,8.3,Online,No,Graduate
3.8,68.2,52.0,3,6.2,Hybrid,Yes,Postgraduate
17.0,68.1,70.0,6,8.7,Online,Yes,Postgraduate
8.9,71.7,41.0,8,8.2,Online,No,Postgraduate
9.8,70.1,54.0,6,6.4,Online,No,School
18.2,58.8,61.0,6,7.5,Online,No,Graduate
6.4,64.7,41.0,7,8.8,Online,No,Graduate
3.3,70.5,61.0,5,9.2,Online,Yes,Graduate
6.3,77.6,74.0,7,6.7,Offline,Yes,Graduate
11.5,65.5,73.0,5,6.4,Offline,Yes,School
6.8,59.5,87.0,6,6.5,Offline,No,School
11.4,64.6,27.0,8,5.2,Online,No,School
7.7,61.9,59.0,6,6.2,Offline,Yes,School
9.0,69.1,60.0,4,9.9,Online,Yes,School
17.4,73.8,69.0,5,8.0,Online,No,Graduate
3.8,64.8,49.0,4,7.0,Offline,No,Postgraduate
6.9,62.5,74.0,6,7.9,Online,Yes,School
5.5,68.6,58.0,6,6.4,Offline,Yes,Graduate
4.3,45.3,47.0,5,5.7,Online,No,School
11.8,61.7,57.0,6,5.6,Online,Yes,Graduate
7.1,54.4,80.0,6,5.1,Online,No,School
8.6,60.4,70.0,7,6.9,Online,Yes,School
21.4,74.5,63.0,7,4.9,Hybrid,Yes,School
3.7,70.4,51.0,4,4.7,Online,No,Postgraduate
6.3,54.7,68.0,6,5.5,Online,No,School
17.8,72.7,71.0,6,8.7,Offline,Yes,School
5.0,60.2,67.0,4,4.5,Online,Yes,School
6.8,52.3,48.0,4,8.3,Online,Yes,Graduate
19.9,62.8,59.0,7,6.0,Online,No,Graduate
10.4,72.4,61.0,7,5.9,Offline,Yes,Postgraduate
22.1,67.2,70.0,6,7.4,Online,No,Postgraduate
12.3,60.6,72.0,5,6.7,Online,Yes,Postgraduate
6.0,56.4,64.0,6,6.0,Offline,No,School
11.1,58.6,67.0,5,6.7,Online,Yes,Graduate
19.7,60.2,51.0,6,7.0,Online,No,School
7.9,71.7,67.0,5,6.1,Online,Yes,Graduate
9.8,58.3,55.0,7,6.3,Hybrid,No,School
9.5,62.9,84.0,7,5.1,Online,Yes,Graduate
4.6,71.5,70.0,6,5.9,Hybrid,Yes,Graduate
4.4,68.0,58.0,6,7.3,Online,No,Graduate
8.4,71.3,36.0,7,7.6,Hybrid,No,Graduate
6.8,63.8,48.0,7,7.5,Online,Yes,Graduate
3.3,65.6,62.0,6,8.2,Hybrid,No,Postgraduate
4.6,87.1,66.0,5,8.4,Online,No,Graduate
12.3,53.2,77.0,3,6.2,Online,No,Postgraduate
10.5,49.3,42.0,7,8.1,Hybrid,Yes,School
6.6,72.6,99.0,6,6.0,Hybrid,No,School
12.9,55.5,80.0,8,6.3,Hybrid,No,Graduate
10.7,72.9,54.0,6,5.3,Online,No,School
7.9,62.2,67.0,6,7.4,Online,No,Graduate
20.0,64.9,67.0,5,5.4,Online,No,Postgraduate
5.6,65.8,79.0,7,6.8,Online,Yes,Postgraduate
3.6,62.6,80.0,8,7.1,Online,Yes,Graduate
12.1,65.6,77.0,6,7.6,Hybrid,Yes,Postgraduate
6.5,76.0,68.0,5,6.7,Online,No,School
14.9,61.1,79.0,6,6.9,Online,No,School
4.5,57.0,58.0,6,5.7,Online,Yes,Graduate
9.8,83.8,44.0,7,10.0,Online,Yes,School
3.7,58.6,50.0,3,7.4,Hybrid,No,Graduate
2.9,68.4,68.0,6,8.8,Online,No,School
16.2,56.3,67.0,4,7.3,Online,No,Graduate
6.6,61.9,77.0,4,5.0,Hybrid,Yes,Graduate
5.4,57.8,53.0,6,6.6,Online,No,School
10.3,66.4,86.0,5,7.6,Hybrid,Yes,Postgraduate
7.0,70.2,77.0,6,6.0,Hybrid,No,Postgraduate
6.4,63.5,90.0,8,7.7,Online,No,Graduate
8.3,60.1,66.0,4,6.9,Online,No,Graduate
9.9,58.8,83.0,7,5.9,Offline,No,Graduate
8.0,51.3,84.0,5,5.4,Online,No,Graduate
6.6,60.1,71.0,5,7.8,Online,No,Graduate
8.1,73.1,70.0,7,7.1,Hybrid,No,Graduate
8.3,73.5,63.0,4,6.8,Online,Yes,Postgraduate
4.9,48.9,45.0,7,5.6,Online,Yes,School
7.1,71.5,43.0,6,6.4,Online,Yes,Graduate
11.4,57.7,62.0,6,8.2,Online,No,Graduate
13.5,70.0,53.0,5,9.0,Online,Yes,Postgraduate
15.1,71.1,62.0,6,8.5,Offline,No,School
5.1,71.6,84.0,7,8.0,Online,Yes,School
3.5,56.1,55.0,7,5.8,Offline,Yes,School
7.6,51.7,64.0,4,6.7,Hybrid,No,Graduate
5.5,43.2,72.0,5,7.9,Offline,No,School
1.1,55.2,54.0,5,6.4,Offline,No,Graduate
15.3,43.8,72.0,6,7.9,Online,Yes,Graduate
17.0,76.5,72.0,4,6.7,Online,No,School
4.1,72.4,51.0,4,9.9,Online,No,School
4.7,64.5,73.0,6,8.2,Hybrid,Yes,Postgraduate
11.9,53.2,55.0,8,6.3,Offline,No,School
3.6,66.5,68.0,3,6.8,Online,No,School
6.2,59.4,48.0,8,7.3,Offline,No,Graduate
5.7,47.3,53.0,5,6.3,Online,No,Graduate
5.0,63.4,71.0,2,6.5,Online,No,Postgraduate
6.9,56.5,39.0,7,8.6,Online,Yes,Graduate
16.6,49.8,64.0,8,6.4,Online,Yes,School
14.2,73.2,69.0,7,6.5,Hybrid,No,Graduate
16.8,50.6,45.0,6,7.5,Online,Yes,Postgraduate
11.6,70.5,95.0,8,7.3,Hybrid,No,Graduate
7.5,66.0,59.0,4,5.9,Hybrid,Yes,Graduate
7.5,65.7,65.0,7,6.9,Online,Yes,Postgraduate
5.8,55.7,63.0,6,7.5,Online,Yes,School
5.5,74.9,57.0,6,7.6,Online,Yes,School
10.9,57.1,91.0,6,7.1,Online,No,Graduate
7.7,66.5,52.0,6,8.3,Online,No,Postgraduate
6.0,53.7,64.0,6,7.2,Hybrid,No,Postgraduate
7.8,52.7,80.0,4,7.5,Offline,No,Postgraduate
1.2,84.2,47.0,4,7.4,Online,Yes,School
11.5,75.0,57.0,5,7.7,Online,Yes,Graduate
2.0,60.7,71.0,7,8.1,Hybrid,Yes,Graduate
6.3,67.0,59.0,5,7.1,Hybrid,Yes,School
11.9,48.9,44.0,6,7.0,Hybrid,No,School
2.6,65.0,56.0,5,6.4,Online,Yes,School
7.6,49.9,73.0,6,7.4,Offline,Yes,School
4.4,47.9,70.0,6,7.0,Hybrid,No,Graduate
10.1,82.6,80.0,6,7.2,Online,No,School
16.6,62.1,42.0,7,7.3,Offline,No,Graduate
9.6,67.3,84.0,6,7.8,Offline,No,School
7.8,54.3,70.0,4,7.6,Hybrid,No,Graduate
3.2,65.1,62.0,5,6.5,Online,No,School
7.4,55.9,51.0,5,7.7,Hybrid,Yes,School
4.1,63.6,58.0,6,7.6,Offline,No,Postgraduate
10.3,74.4,64.0,6,8.7,Offline,Yes,School
3.7,81.0,57.0,6,6.3,Hybrid,Yes,School
10.3,74.9,82.0,7,7.2,Online,No,School
13.7,64.0,69.0,6,8.2,Online,Yes,Graduate
20.8,86.2,68.0,4,6.0,Online,No,School
2.2,69.4,54.0,4,5.9,Online,Yes,Graduate
2.2,53.1,62.0,6,7.9,Offline,No,School
13.1,55.2,55.0,7,5.7,Online,No,School
2.4,38.4,43.0,7,5.7,Hybrid,Yes,Graduate
5.8,68.9,78.0,7,6.3,Online,Yes,Graduate
3.1,68.4,84.0,6,6.9,Offline,No,Graduate
5.7,55.8,67.0,6,7.7,Online,Yes,Postgraduate
13.0,39.9,77.0,6,5.3,Hybrid,No,Graduate
6.2,48.3,49.0,7,5.2,Offline,No,Graduate
2.9,55.6,51.0,5,5.9,Online,Yes,School
13.6,65.0,77.0,4,7.4,Online,No,Graduate
11.9,58.9,74.0,5,8.6,Hybrid,Yes,Graduate
8.9,66.1,64.0,8,6.0,Online,No,School
4.7,58.8,66.0,6,7.6,Offline,No,Graduate
12.7,66.0,67.0,7,9.1,Online,No,School
6.9,61.2,79.0,5,7.4,Online,No,School
6.5,74.2,62.0,6,6.7,Hybrid,Yes,School
4.8,47.4,55.0,7,6.9,Online,No,Graduate
11.0,70.9,59.0,4,6.6,Offline,No,Graduate
11.2,71.6,58.0,6,7.2,Hybrid,Yes,School
6.4,69.5,66.0,8,5.1,Online,Yes,Postgraduate
9.4,60.7,59.0,4,6.4,Online,No,Graduate
20.3,65.8,90.0,7,5.5,Offline,No,School
14.9,71.1,85.0,7,5.5,Hybrid,No,Graduate
5.9,53.3,66.0,8,5.3,Offline,Yes,Graduate
13.0,53.1,70.0,6,7.1,Online,Yes,Graduate
11.3,72.4,75.0,7,6.4,Hybrid,Yes,Graduate
6.7,70.7,51.0,7,6.1,Online,Yes,Graduate
5.7,60.6,65.0,7,6.1,Offline,Yes,School
6.9,52.8,57.0,6,7.0,Hybrid,No,School
7.7,44.7,74.0,6,7.4,Online,Yes,School
9.5,70.1,67.0,7,5.7,Hybrid,Yes,Postgraduate
6.8,67.0,60.0,5,7.1,Online,No,Graduate
7.0,69.5,73.0,6,9.1,Online,No,School
1.6,76.5,64.0,6,8.3,Online,No,School
4.2,81.2,58.0,5,6.8,Hybrid,No,Graduate
4.9,56.6,70.0,7,7.0,Online,No,School
9.0,57.8,61.0,4,8.1,Hybrid,No,School
12.8,76.7,59.0,7,7.1,Online,Yes,School
5.5,68.7,70.0,6,8.2,Online,Yes,Graduate
7.6,40.3,38.0,5,9.2,Hybrid,No,Graduate
15.2,86.5,74.0,6,7.9,Online,No,Graduate
4.7,43.1,64.0,7,6.9,Online,Yes,School
3.2,74.4,71.0,8,6.8,Online,No,Graduate
8.0,54.6,93.0,8,7.7,Online,No,Graduate
13.0,62.6,50.0,6,7.5,Online,No,School
8.5,65.0,69.0,8,7.2,Offline,No,Postgraduate
7.9,54.9,66.0,8,6.2,Online,No,Graduate
5.7,84.2,46.0,6,7.8,Online,No,Postgraduate
9.9,81.6,72.0,7,5.7,Hybrid,No,Postgraduate
18.4,70.9,69.0,4,7.2,Online,No,School
3.3,49.6,67.0,8,7.7,Hybrid,No,Graduate
2.2,41.6,72.0,6,6.2,Online,Yes,Graduate
3.3,63.5,89.0,6,6.7,Hybrid,Yes,Graduate
8.6,60.0,79.0,8,6.6,Online,Yes,Postgraduate
10.2,56.3,72.0,5,4.7,Online,No,Graduate
6.2,65.6,74.0,4,6.9,Offline,No,Graduate
4.0,64.6,73.0,4,6.1,Online,Yes,School
13.4,64.2,68.0,5,7.0,Online,Yes,School
2.0,45.4,83.0,6,6.5,Online,Yes,School
5.5,58.6,48.0,5,5.6,Online,No,Graduate
9.3,75.7,72.0,6,7.3,Offline,No,Graduate
7.6,52.9,58.0,7,7.7,Hybrid,Yes,Postgraduate
5.1,45.9,71.0,7,6.9,Hybrid,No,School
10.0,51.0,64.0,6,6.5,Hybrid,No,Graduate
8.5,74.7,79.0,5,7.0,Online,No,School
8.2,65.3,60.0,7,7.9,Offline,No,Graduate
5.2,68.0,63.0,8,7.2,Online,Yes,School
10.4,58.1,89.0,8,6.5,Hybrid,Yes,Graduate
4.8,55.0,64.0,4,7.2,Online,Yes,Graduate
8.7,72.2,60.0,6,8.8,Online,Yes,School
3.5,79.8,49.0,6,8.5,Online,Yes,School
8.3,73.6,91.0,6,5.6,Online,No,School
2.8,73.7,31.0,5,6.4,Hybrid,No,School
6.1,53.4,63.0,6,8.1,Hybrid,No,Postgraduate
3.0,47.5,92.0,7,7.9,Offline,No,School
5.2,78.9,48.0,3,7.3,Online,No,Graduate
4.8,61.3,61.0,7,5.7,Online,Yes,Graduate
5.0,63.0,62.0,8,6.2,Online,No,Graduate
5.3,69.4,62.0,5,5.8,Online,No,Graduate
15.6,79.3,62.0,6,9.3,Online,No,School
3.6,45.1,37.0,7,9.3,Online,No,Postgraduate
6.2,56.1,59.0,4,6.7,Online,No,Postgraduate
7.0,74.1,73.0,7,4.2,Offline,No,School
8.4,85.2,70.0,7,8.0,Online,No,School
14.3,78.8,71.0,7,5.6,Online,Yes,School
7.3,81.6,77.0,4,8.0,Online,No,Graduate
8.2,52.7,66.0,6,7.0,Online,Yes,Graduate
12.5,86.2,72.0,3,7.4,Offline,No,School
9.6,74.3,69.0,8,6.6,Online,No,Postgraduate
9.0,65.3,77.0,7,6.6,Hybrid,No,Postgraduate
6.8,69.0,64.0,7,4.7,Online,No,Postgraduate
10.3,84.5,71.0,6,9.2,Hybrid,Yes,Graduate
2.1,58.8,93.0,7,7.4,Online,No,Postgraduate
12.4,74.5,76.0,5,6.1,Online,Yes,School
10.6,71.5,62.0,4,8.0,Online,No,Graduate
13.5,52.9,48.0,6,8.7,Offline,Yes,School
6.1,54.3,54.0,7,7.7,Offline,No,Postgraduate
12.2,57.0,56.0,6,5.4,Hybrid,No,School
4.6,74.7,53.0,7,7.3,Online,Yes,Graduate
7.9,61.0,83.0,6,4.8,Offline,No,Graduate
13.2,65.7,75.0,6,5.7,Online,Yes,School
6.3,50.3,57.0,7,6.3,Online,No,School
3.1,56.0,71.0,6,7.0,Online,No,School
6.3,70.1,84.0,5,6.9,Online,Yes,School
10.5,78.8,57.0,6,9.2,Online,Yes,School
9.3,78.2,51.0,7,6.4,Online,No,School
13.5,70.7,76.0,6,6.1,Offline,Yes,School
2.7,59.0,43.0,5,6.1,Online,No,School
4.4,61.0,50.0,7,5.8,Online,Yes,Postgraduate
4.0,62.3,39.0,6,6.3,Online,No,Graduate
4.4,54.1,49.0,7,8.4,Online,No,School
8.5,66.5,69.0,3,8.4,Online,Yes,School
4.6,41.1,75.0,4,6.0,Online,No,Graduate
4.6,72.7,49.0,7,8.5,Online,No,Postgraduate
2.8,83.7,66.0,6,7.2,Online,No,School
10.8,59.1,78.0,3,8.8,Online,No,School
6.9,62.7,68.0,8,7.5,Online,No,Graduate
12.8,69.7,73.0,6,7.7,Hybrid,Yes,Graduate
6.0,81.7,70.0,6,6.6,Offline,Yes,Graduate
4.8,67.9,71.0,7,7.4,Hybrid,No,School
11.2,45.0,64.0,7,6.5,Hybrid,No,Graduate
11.9,87.6,81.0,6,8.4,Online,Yes,Graduate
2.2,73.8,75.0,5,6.6,Online,No,Graduate
2.2,61.3,64.0,8,8.2,Hybrid,No,School
4.7,68.8,58.0,4,7.4,Online,No,School
7.8,70.2,72.0,7,6.3,Hybrid,Yes,School
9.2,75.8,48.0,6,7.4,Hybrid,No,School
13.0,66.0,65.0,4,6.5,Online,No,Graduate
7.2,51.0,61.0,7,7.4,Online,No,Graduate
13.7,65.4,58.0,7,7.8,Online,No,Postgraduate
11.9,68.5,69.0,7,7.8,Online,No,Postgraduate
6.6,62.5,81.0,6,6.6,Hybrid,No,Postgraduate
2.5,54.1,76.0,6,8.3,Hybrid,No,School
9.3,68.4,68.0,7,6.1,Offline,Yes,Postgraduate
3.8,50.0,48.0,7,8.0,Online,Yes,School
10.5,75.4,48.0,5,9.0,Online,Yes,Graduate
8.9,63.8,62.0,7,8.5,Offline,Yes,School
8.5,66.5,67.0,7,6.5,Online,No,Postgraduate
4.0,61.3,75.0,7,6.4,Online,Yes,Postgraduate
2.9,60.8,65.0,3,8.3,Hybrid,No,Graduate
7.1,59.0,63.0,6,7.3,Hybrid,No,School
4.9,73.0,61.0,5,8.7,Hybrid,No,Postgraduate
7.0,62.8,65.0,7,6.7,Offline,No,Graduate
9.3,63.9,60.0,8,6.6,Online,No,School
5.1,59.3,65.0,6,7.0,Offline,Yes,Graduate
5.8,56.0,75.0,7,7.4,Hybrid,Yes,School
7.2,75.7,55.0,7,6.3,Online,No,Graduate
11.4,70.8,66.0,6,7.9,Online,No,School
12.1,67.8,62.0,8,7.6,Online,Yes,Graduate
16.6,57.8,73.0,4,4.5,Hybrid,Yes,Postgraduate
7.2,70.6,58.0,6,6.3,Online,Yes,Postgraduate
4.5,66.1,50.0,6,7.0,Hybrid,No,Graduate
12.3,62.2,40.0,7,6.4,Online,No,Graduate
5.6,64.7,85.0,4,5.7,Online,Yes,Graduate
11.1,72.3,49.0,6,8.2,Hybrid,No,School
13.6,79.0,70.0,7,6.3,Online,Yes,School
10.9,58.6,56.0,5,6.4,Online,No,School
9.0,48.6,80.0,7,6.5,Online,No,Graduate
6.7,63.3,88.0,5,6.7,Online,No,Graduate
4.6,65.2,70.0,6,5.7,Online,Yes,School
10.3,70.4,73.0,6,7.4,Online,Yes,Postgraduate
17.8,61.3,70.0,7,8.4,Offline,No,Graduate
2.3,64.7,28.0,7,7.3,Online,No,Graduate
6.4,55.5,65.0,8,7.2,Online,No,Graduate
4.1,71.1,71.0,5,5.5,Hybrid,No,Postgraduate
4.6,61.9,76.0,8,6.6,Offline,No,Postgraduate
8.7,55.9,62.0,7,8.1,Online,No,School
4.5,53.9,64.0,6,7.8,Online,Yes,Graduate
4.0,64.5,71.0,6,6.0,Online,Yes,Graduate
9.5,48.8,69.0,6,6.0,Online,No,School
9.6,75.8,81.0,5,6.5,Offline,No,Postgraduate
14.7,66.8,68.0,7,6.2,Hybrid,No,Postgraduate
6.8,67.5,83.0,7,6.9,Hybrid,Yes,Postgraduate
12.8,72.1,59.0,5,6.6,Hybrid,No,School
13.4,68.0,70.0,5,6.2,Online,No,Postgraduate
8.2,73.2,100.0,5,5.2,Online,No,Graduate
6.0,66.7,77.0,6,7.5,Online,No,Postgraduate
6.6,53.7,58.0,4,7.2,Online,No,Graduate
1.9,53.9,84.0,7,6.7,Online,No,School
5.2,67.4,60.0,4,6.3,Offline,Yes,School
5.4,65.8,58.0,7,5.2,Offline,No,Graduate
5.1,74.5,88.0,8,7.7,Online,Yes,Graduate
10.3,66.6,72.0,3,7.0,Hybrid,No,School
7.6,68.2,68.0,8,6.7,Offline,No,Graduate
8.6,61.1,84.0,7,6.8,Hybrid,Yes,Graduate
8.6,73.7,48.0,5,7.7,Online,No,Graduate
6.5,68.4,56.0,6,7.7,Online,No,Graduate
13.3,62.4,68.0,6,7.1,Online,Yes,Graduate
2.7,57.3,71.0,5,8.3,Online,Yes,Graduate
8.6,62.9,59.0,5,8.2,Online,Yes,School
9.6,75.4,51.0,7,7.2,Hybrid,Yes,Postgraduate
11.8,60.7,62.0,8,7.2,Online,Yes,Graduate
14.1,63.5,67.0,7,7.5,Online,No,School
2.1,58.6,42.0,7,7.9,Online,No,Graduate
4.4,74.2,66.0,6,7.4,Online,No,Graduate
9.6,60.9,79.0,6,8.1,Hybrid,No,School
10.3,61.7,81.0,7,6.4,Hybrid,No,Graduate
5.1,82.3,72.0,7,4.3,Hybrid,No,Graduate
3.9,64.1,64.0,6,5.5,Online,Yes,School
9.9,68.0,71.0,4,6.9,Online,No,Graduate
9.4,60.3,66.0,8,5.8,Online,No,Postgraduate
4.4,82.3,67.0,7,7.2,Online,Yes,Graduate
5.9,60.5,52.0,7,8.1,Hybrid,No,Postgraduate
15.0,73.7,51.0,6,7.1,Online,No,Postgraduate
3.8,66.2,37.0,4,6.8,Online,Yes,Graduate
3.4,63.0,70.0,7,8.1,Hybrid,No,Graduate
9.4,79.1,64.0,5,7.7,Online,No,Graduate
7.9,77.3,54.0,5,6.8,Offline,No,Graduate
8.5,51.6,57.0,5,8.1,Hybrid,No,Graduate
4.7,57.7,95.0,7,6.0,Offline,No,School
2.9,54.3,40.0,6,7.9,Online,No,School
7.6,67.9,78.0,7,8.8,Online,No,School
20.8,87.0,64.0,8,6.2,Online,No,Postgraduate
7.1,70.3,60.0,8,6.5,Online,Yes,Postgraduate
2.2,57.6,74.0,6,8.0,Hybrid,No,Postgraduate
20.0,54.2,56.0,4,8.3,Online,No,School
6.0,60.5,63.0,8,6.9,Hybrid,No,Graduate
3.9,58.4,70.0,6,6.2,Hybrid,No,School
12.1,89.9,61.0,5,6.1,Offline,Yes,Graduate
2.8,46.1,58.0,7,6.5,Hybrid,No,School
7.5,56.8,81.0,5,8.8,Online,No,School
5.6,65.0,50.0,8,6.9,Online,No,Graduate
9.0,64.4,67.0,7,7.9,Online,No,Graduate
9.4,80.5,40.0,7,5.5,Online,No,Graduate
5.7,67.7,79.0,7,6.7,Online,No,School
9.6,69.4,56.0,4,7.6,Online,Yes,Graduate
6.8,53.5,81.0,6,7.5,Hybrid,No,School
6.0,73.3,46.0,6,5.9,Hybrid,No,Postgraduate
3.3,68.8,91.0,6,7.7,Online,Yes,Postgraduate
8.8,76.1,69.0,3,7.0,Online,No,Graduate
7.8,77.4,67.0,5,8.4,Offline,No,Graduate
9.0,73.1,64.0,8,6.4,Online,Yes,Graduate
12.7,68.0,92.0,5,7.9,Online,No,Graduate
11.7,56.5,79.0,3,5.8,Online,No,Graduate
9.2,70.9,72.0,4,9.8,Online,Yes,School
